-- phpMyAdmin SQL Dump
-- version 5.1.1
-- https://www.phpmyadmin.net/
--
-- Host: 127.0.0.1
-- Generation Time: Feb 19, 2022 at 05:03 AM
-- Server version: 10.4.22-MariaDB
-- PHP Version: 8.1.2

SET SQL_MODE = "NO_AUTO_VALUE_ON_ZERO";
START TRANSACTION;
SET time_zone = "+00:00";


/*!40101 SET @OLD_CHARACTER_SET_CLIENT=@@CHARACTER_SET_CLIENT */;
/*!40101 SET @OLD_CHARACTER_SET_RESULTS=@@CHARACTER_SET_RESULTS */;
/*!40101 SET @OLD_COLLATION_CONNECTION=@@COLLATION_CONNECTION */;
/*!40101 SET NAMES utf8mb4 */;

--
-- Database: `helperland`
--

-- --------------------------------------------------------

--
-- Table structure for table `city`
--

CREATE TABLE `city` (
  `Id` int(11) NOT NULL,
  `CityName` varchar(50) NOT NULL,
  `StateId` int(11) NOT NULL
) ENGINE=InnoDB DEFAULT CHARSET=latin1;

--
-- Dumping data for table `city`
--

INSERT INTO `city` (`Id`, `CityName`, `StateId`) VALUES
(1, 'ahmedabad', 1),
(2, 'baroda', 1);

-- --------------------------------------------------------

--
-- Table structure for table `contactus`
--

CREATE TABLE `contactus` (
  `ContactUsId` int(11) NOT NULL,
  `Name` varchar(50) NOT NULL,
  `Email` varchar(200) NOT NULL,
  `Subject` varchar(500) DEFAULT NULL,
  `PhoneNumber` varchar(20) NOT NULL,
  `Message` longtext NOT NULL,
  `UploadFileName` varchar(100) DEFAULT NULL,
  `CreatedOn` datetime(3) DEFAULT NULL,
  `CreatedBy` int(11) DEFAULT NULL,
  `FileName` varchar(400) NOT NULL
) ENGINE=InnoDB DEFAULT CHARSET=latin1;

--
-- Dumping data for table `contactus`
--

INSERT INTO `contactus` (`ContactUsId`, `Name`, `Email`, `Subject`, `PhoneNumber`, `Message`, `UploadFileName`, `CreatedOn`, `CreatedBy`, `FileName`) VALUES
(63, 'YatriShah', 'yatri.shah03@gmail.com', 'Message', '9426769464', 'Regarding SMS', 'avatar-iron.png', '2022-02-02 10:17:41.000', NULL, 'avatar-iron.png'),
(108, 'YatriShah', 'yatri.shah03@gmail.com', 'hi', '9426769464', 'Message', 'controller.php', '2022-02-11 09:46:23.000', NULL, 'controller.php'),
(109, 'yatrishah', 'yatri.shah03@gmail.com', 'x', '9', 's', 'controller.php', '2022-02-11 09:48:08.000', NULL, 'controller.php'),
(110, 'yatrishah', 'jerrymarathe11@gmail.com', 'hi', '9825188142', 'hi', 'controller.php', '2022-02-11 11:37:55.000', NULL, 'controller.php'),
(111, 'siyakothari', 'yatri.shah03@gmail.com', 'aa', '9909909923', 'aa', 'composer.json', '2022-02-11 12:24:51.000', NULL, 'composer.json');

-- --------------------------------------------------------

--
-- Table structure for table `contactusattachment`
--

CREATE TABLE `contactusattachment` (
  `ContactUsAttachmentId` int(11) NOT NULL,
  `Name` varchar(100) NOT NULL,
  `FileName` longblob NOT NULL
) ENGINE=InnoDB DEFAULT CHARSET=latin1;

-- --------------------------------------------------------

--
-- Table structure for table `favoriteandblocked`
--

CREATE TABLE `favoriteandblocked` (
  `Id` int(11) NOT NULL,
  `UserId` int(11) NOT NULL,
  `TargetUserId` int(11) NOT NULL,
  `IsFavorite` tinyint(4) NOT NULL,
  `IsBlocked` tinyint(4) NOT NULL
) ENGINE=InnoDB DEFAULT CHARSET=latin1;

--
-- Dumping data for table `favoriteandblocked`
--

INSERT INTO `favoriteandblocked` (`Id`, `UserId`, `TargetUserId`, `IsFavorite`, `IsBlocked`) VALUES
(1, 44, 44, 1, 0),
(2, 44, 44, 1, 0),
(3, 61, 61, 0, 0),
(4, 61, 61, 1, 0);

-- --------------------------------------------------------

--
-- Table structure for table `password_reset_temp`
--

CREATE TABLE `password_reset_temp` (
  `email` varchar(250) NOT NULL,
  `key` varchar(250) NOT NULL,
  `expDate` varchar(250) NOT NULL
) ENGINE=InnoDB DEFAULT CHARSET=utf8mb4;

--
-- Dumping data for table `password_reset_temp`
--

INSERT INTO `password_reset_temp` (`email`, `key`, `expDate`) VALUES
('jerrymarathe11@gmail.com', 'c5f3c9fc85ccdb1f13c2de88ae82e5986069c0a84e', '2022-02-03 04:18:06'),
('yatri.shah03@gmail.com', '6c274040e2837a7636a1d321243e79e75915bbb387', '2022-02-03 04:18:23'),
('yatri.shah03@gmail.com', 'c916f5c8532a10bdd665169e166e015c71c6a29350', '2022-02-03 04:29:35'),
('190773107023@socet.edu.in', 'a00d4db6d2cec8a7b7857f41bea20eb08c6e15b598', '2022-02-03 04:31:38'),
('190773107023@socet.edu.in', '6e3045a65bcd30a586880170bfa063f89e4ff9f099', '2022-02-03 04:32:30'),
('190773107023@socet.edu.in', '51a04da0e6e27f579331aef01a538d67a619a76baa', '2022-02-03 04:32:44'),
('yatri.shah03@gmail.com', 'bbf9b00165efb46a1344b895aa8a2662bb5f0c03a3', '2022-02-03 04:43:01'),
('siya@gmail.com', '5a5c27f0f104290762f57142d796a12f4876ff6566', '2022-02-03 04:43:27'),
('yatri.shah03@gmail.com', '8adccf6ce27a2c1fffeeb502022f4ce2db27413d82', '2022-02-03 05:23:24'),
('jerrymarathe11@gmail.com', '3c28469320e5ad3744dec6bff7d6d891ab6dec4a5a', '2022-02-03 05:24:09'),
('jerrymarathe11@gmail.com', '2fd7f5e30099cc245dd5fa5fae3ebc9fa2e4ad758d', '2022-02-03 05:33:24'),
('siya@gmail.com', 'adb8da90b0adafff513fe6f7f3052c0e284353a272', '2022-02-03 05:33:35'),
('siya@gmail.com', '1af3bc63d7a86146b3704c0fc3c44b89f2a6b14531', '2022-02-03 05:37:59'),
('yatri.shah03@gmail.com', '0495896bfb3dfd87a4ae5a07eacc23d4852f916d9f', '2022-02-04 04:13:53'),
('drashyatri1726@gmail.com', 'e72f04bd29565cf6fe16bd38cc14df68f52a94282f', '2022-02-04 04:14:43'),
('yatri.shah03@gmail.com', '315d12424b792e81d1e5d80729c5caa31f9642252c', '2022-02-04 05:39:11'),
('yatri.shah03@gmail.com', '72e725f269c06a0bf406dc64477e86e7143b6cde36', '2022-02-04 05:40:51');

-- --------------------------------------------------------

--
-- Table structure for table `rating`
--

CREATE TABLE `rating` (
  `RatingId` int(11) NOT NULL,
  `ServiceRequestId` int(11) NOT NULL,
  `RatingFrom` int(11) NOT NULL,
  `RatingTo` int(11) NOT NULL,
  `Ratings` decimal(2,1) NOT NULL,
  `Comments` varchar(2000) DEFAULT NULL,
  `RatingDate` datetime(3) NOT NULL,
  `IsApproved` tinyint(4) DEFAULT 1,
  `VisibleOnHomeScreen` tinyint(4) NOT NULL DEFAULT 0,
  `OnTimeArrival` decimal(2,1) NOT NULL DEFAULT 0.0,
  `Friendly` decimal(2,1) NOT NULL DEFAULT 0.0,
  `QualityOfService` decimal(2,1) NOT NULL DEFAULT 0.0
) ENGINE=InnoDB DEFAULT CHARSET=latin1;

-- --------------------------------------------------------

--
-- Table structure for table `servicerequest`
--

CREATE TABLE `servicerequest` (
  `ServiceRequestId` int(11) NOT NULL,
  `UserId` int(11) NOT NULL,
  `ServiceId` int(11) NOT NULL,
  `ServiceStartDate` datetime(3) NOT NULL,
  `ZipCode` varchar(10) NOT NULL,
  `ServiceFrequency` tinyint(3) UNSIGNED DEFAULT NULL,
  `ServiceHourlyRate` decimal(8,2) DEFAULT NULL,
  `ServiceHours` double NOT NULL,
  `ExtraHours` double DEFAULT NULL,
  `SubTotal` decimal(8,2) NOT NULL,
  `Discount` decimal(8,2) DEFAULT NULL,
  `TotalCost` decimal(8,2) NOT NULL,
  `Comments` varchar(500) DEFAULT NULL,
  `PaymentTransactionRefNo` varchar(50) DEFAULT NULL,
  `PaymentDue` tinyint(4) NOT NULL DEFAULT 0,
  `JobStatus` tinyint(3) UNSIGNED DEFAULT NULL,
  `ServiceProviderId` int(11) DEFAULT NULL,
  `SPAcceptedDate` datetime(3) DEFAULT NULL,
  `HasPets` tinyint(4) NOT NULL DEFAULT 0,
  `Status` int(11) DEFAULT NULL,
  `CreatedDate` datetime(3) NOT NULL DEFAULT current_timestamp(3),
  `ModifiedDate` datetime(3) NOT NULL DEFAULT current_timestamp(3),
  `ModifiedBy` int(11) DEFAULT NULL,
  `RefundedAmount` decimal(8,2) DEFAULT NULL,
  `Distance` decimal(18,2) NOT NULL DEFAULT 0.00,
  `HasIssue` tinyint(4) DEFAULT NULL,
  `PaymentDone` tinyint(4) DEFAULT NULL,
  `RecordVersion` char(36) DEFAULT NULL
) ENGINE=InnoDB DEFAULT CHARSET=latin1;

--
-- Dumping data for table `servicerequest`
--

INSERT INTO `servicerequest` (`ServiceRequestId`, `UserId`, `ServiceId`, `ServiceStartDate`, `ZipCode`, `ServiceFrequency`, `ServiceHourlyRate`, `ServiceHours`, `ExtraHours`, `SubTotal`, `Discount`, `TotalCost`, `Comments`, `PaymentTransactionRefNo`, `PaymentDue`, `JobStatus`, `ServiceProviderId`, `SPAcceptedDate`, `HasPets`, `Status`, `CreatedDate`, `ModifiedDate`, `ModifiedBy`, `RefundedAmount`, `Distance`, `HasIssue`, `PaymentDone`, `RecordVersion`) VALUES
(1, 44, 151, '2022-02-06 10:00:00.000', '380007', NULL, NULL, 7, NULL, '700.00', NULL, '700.00', NULL, NULL, 0, NULL, NULL, NULL, 0, NULL, '2022-02-09 10:25:27.000', '2022-02-09 10:25:27.000', NULL, NULL, '0.00', NULL, NULL, NULL),
(2, 44, 1580, '2022-02-10 08:00:00.000', '380007', NULL, NULL, 4, NULL, '400.00', NULL, '400.00', NULL, NULL, 0, NULL, NULL, NULL, 0, NULL, '2022-02-09 10:59:37.000', '2022-02-09 10:59:37.000', NULL, NULL, '0.00', NULL, NULL, NULL),
(3, 44, 1110, '2022-02-08 08:00:00.000', '380007', NULL, NULL, 4, NULL, '400.00', NULL, '400.00', NULL, NULL, 0, NULL, NULL, NULL, 0, NULL, '2022-02-09 11:19:34.000', '2022-02-09 11:19:34.000', NULL, NULL, '0.00', NULL, NULL, NULL),
(4, 44, 2364, '2022-02-09 08:30:00.000', '380007', NULL, NULL, 3, NULL, '100.00', NULL, '100.00', NULL, NULL, 0, NULL, NULL, NULL, 1, NULL, '2022-02-10 05:16:34.000', '2022-02-10 05:16:34.000', NULL, NULL, '0.00', NULL, NULL, NULL),
(5, 44, 5892, '1970-01-01 00:00:00.000', '380007', NULL, NULL, 0, NULL, '0.00', NULL, '0.00', NULL, NULL, 0, NULL, NULL, NULL, 0, NULL, '2022-02-10 05:16:36.000', '2022-02-10 05:16:36.000', NULL, NULL, '0.00', NULL, NULL, NULL),
(6, 44, 5108, '2022-02-09 08:00:00.000', '380007', NULL, NULL, 3, NULL, '100.00', NULL, '100.00', NULL, NULL, 0, NULL, NULL, NULL, 1, NULL, '2022-02-10 05:16:56.000', '2022-02-10 05:16:56.000', NULL, NULL, '0.00', NULL, NULL, NULL),
(7, 44, 8128, '1970-01-01 00:00:00.000', '380007', NULL, NULL, 0, NULL, '0.00', NULL, '0.00', NULL, NULL, 0, NULL, NULL, NULL, 0, NULL, '2022-02-10 05:17:14.000', '2022-02-10 05:17:14.000', NULL, NULL, '0.00', NULL, NULL, NULL),
(8, 44, 2936, '2022-02-14 08:00:00.000', '380007', NULL, NULL, 3, NULL, '100.00', NULL, '100.00', NULL, NULL, 0, NULL, NULL, NULL, 1, NULL, '2022-02-10 05:18:03.000', '2022-02-10 05:18:03.000', NULL, NULL, '0.00', NULL, NULL, NULL),
(9, 44, 1425, '2022-02-14 08:00:00.000', '380007', NULL, NULL, 3, NULL, '100.00', NULL, '100.00', NULL, NULL, 0, NULL, NULL, NULL, 1, NULL, '2022-02-10 05:28:03.000', '2022-02-10 05:28:03.000', NULL, NULL, '0.00', NULL, NULL, NULL),
(10, 44, 484, '2022-02-17 08:00:00.000', '380007', NULL, NULL, 3, NULL, '100.00', NULL, '100.00', NULL, NULL, 0, NULL, NULL, NULL, 1, NULL, '2022-02-10 05:28:28.000', '2022-02-10 05:28:28.000', NULL, NULL, '0.00', NULL, NULL, NULL),
(11, 44, 44, '2022-02-17 08:00:00.000', '380007', NULL, NULL, 3.5, NULL, '350.00', NULL, '350.00', NULL, NULL, 0, NULL, NULL, NULL, 1, NULL, '2022-02-10 05:36:43.000', '2022-02-10 05:36:43.000', NULL, NULL, '0.00', NULL, NULL, NULL),
(12, 44, 5641, '2022-02-11 08:00:00.000', '380007', NULL, NULL, 4, NULL, '400.00', NULL, '400.00', NULL, NULL, 0, NULL, NULL, NULL, 1, NULL, '2022-02-10 05:37:57.000', '2022-02-10 05:37:57.000', NULL, NULL, '0.00', NULL, NULL, NULL),
(13, 44, 7815, '2022-02-10 08:00:00.000', '380007', NULL, NULL, 5, NULL, '500.00', NULL, '500.00', NULL, NULL, 0, NULL, NULL, NULL, 1, NULL, '2022-02-10 05:39:49.000', '2022-02-10 05:39:49.000', NULL, NULL, '0.00', NULL, NULL, NULL),
(14, 44, 3055, '2022-02-04 08:00:00.000', '380007', NULL, NULL, 4.5, NULL, '450.00', NULL, '450.00', NULL, NULL, 0, NULL, NULL, NULL, 1, NULL, '2022-02-10 05:47:25.000', '2022-02-10 05:47:25.000', NULL, NULL, '0.00', NULL, NULL, NULL),
(15, 44, 6878, '2022-02-16 08:00:00.000', '380007', NULL, NULL, 4, 1, '400.00', NULL, '400.00', NULL, NULL, 0, NULL, NULL, NULL, 1, NULL, '2022-02-10 06:12:15.000', '2022-02-10 06:12:15.000', NULL, NULL, '0.00', NULL, NULL, NULL),
(16, 44, 2127, '2022-02-09 08:00:00.000', '380007', NULL, NULL, 4, 1, '400.00', NULL, '400.00', NULL, NULL, 0, NULL, NULL, NULL, 1, NULL, '2022-02-10 06:17:00.000', '2022-02-10 06:17:00.000', NULL, NULL, '0.00', NULL, NULL, NULL),
(17, 44, 5700, '2022-02-02 08:00:00.000', '380007', NULL, NULL, 3, 1, '400.00', NULL, '400.00', NULL, NULL, 0, NULL, NULL, NULL, 1, NULL, '2022-02-10 06:28:27.000', '2022-02-10 06:28:27.000', NULL, NULL, '0.00', NULL, NULL, NULL),
(18, 44, 6523, '2022-02-23 08:00:00.000', '380007', NULL, NULL, 3, 1, '400.00', NULL, '400.00', NULL, NULL, 0, NULL, NULL, NULL, 1, NULL, '2022-02-10 07:02:04.000', '2022-02-10 07:02:04.000', NULL, NULL, '0.00', NULL, NULL, NULL),
(19, 44, 3134, '2022-02-15 08:00:00.000', '380007', NULL, '100.00', 3, 1, '100.00', NULL, '100.00', NULL, NULL, 0, NULL, NULL, NULL, 1, NULL, '2022-02-10 07:05:41.000', '2022-02-10 07:05:41.000', NULL, NULL, '0.00', NULL, NULL, NULL),
(20, 44, 9710, '2022-03-09 08:00:00.000', '380007', NULL, '100.00', 3, 1, '400.00', NULL, '400.00', NULL, NULL, 0, NULL, NULL, NULL, 1, NULL, '2022-02-10 07:06:44.000', '2022-02-10 07:06:44.000', NULL, NULL, '0.00', NULL, NULL, NULL),
(21, 44, 6107, '2022-02-09 08:00:00.000', '380007', NULL, '100.00', 5, 2, '700.00', NULL, '700.00', NULL, NULL, 0, NULL, NULL, NULL, 0, NULL, '2022-02-10 07:15:56.000', '2022-02-10 07:15:56.000', NULL, NULL, '0.00', NULL, NULL, NULL),
(22, 44, 8554, '2022-02-22 08:00:00.000', '380007', NULL, '100.00', 3, 1, '400.00', NULL, '400.00', NULL, NULL, 0, NULL, NULL, NULL, 0, NULL, '2022-02-10 07:17:09.000', '2022-02-10 07:17:09.000', NULL, NULL, '0.00', NULL, NULL, NULL),
(23, 44, 1227, '2022-02-09 08:00:00.000', '380007', NULL, '100.00', 3, 0.5, '350.00', NULL, '350.00', NULL, NULL, 0, NULL, NULL, NULL, 1, NULL, '2022-02-10 07:18:45.000', '2022-02-10 07:18:45.000', NULL, NULL, '0.00', NULL, NULL, NULL),
(24, 44, 4738, '2022-02-15 08:00:00.000', '380007', NULL, '100.00', 3, 0.5, '350.00', NULL, '350.00', NULL, NULL, 0, NULL, NULL, NULL, 0, NULL, '2022-02-10 07:21:17.000', '2022-02-10 07:21:17.000', NULL, NULL, '0.00', NULL, NULL, NULL),
(25, 44, 2673, '2022-02-09 08:00:00.000', '380007', NULL, '100.00', 3, 0.5, '350.00', NULL, '350.00', NULL, NULL, 0, NULL, NULL, NULL, 1, NULL, '2022-02-10 07:35:34.000', '2022-02-10 07:35:34.000', NULL, NULL, '0.00', NULL, NULL, NULL),
(26, 44, 2108, '2022-03-02 08:00:00.000', '380007', NULL, '100.00', 5, 1, '600.00', NULL, '600.00', NULL, NULL, 0, NULL, NULL, NULL, 1, NULL, '2022-02-10 07:37:58.000', '2022-02-10 07:37:58.000', NULL, NULL, '0.00', NULL, NULL, NULL),
(27, 44, 3030, '2022-02-17 08:00:00.000', '380007', NULL, '100.00', 3, 0.5, '350.00', NULL, '350.00', 'zz', NULL, 0, NULL, NULL, NULL, 1, NULL, '2022-02-10 07:40:08.000', '2022-02-10 07:40:08.000', NULL, NULL, '0.00', NULL, NULL, NULL),
(28, 44, 6548, '2022-02-21 08:00:00.000', '380007', NULL, '100.00', 3, 0.5, '350.00', NULL, '350.00', 'aaa', NULL, 0, NULL, NULL, NULL, 1, NULL, '2022-02-10 07:40:48.000', '2022-02-10 07:40:48.000', NULL, NULL, '0.00', NULL, NULL, NULL),
(29, 44, 8252, '2022-02-09 08:00:00.000', '380007', NULL, '100.00', 3, 0.5, '350.00', NULL, '350.00', 'comments', NULL, 0, NULL, NULL, NULL, 1, NULL, '2022-02-10 07:41:56.000', '2022-02-10 07:41:56.000', NULL, NULL, '0.00', NULL, NULL, NULL),
(30, 44, 6219, '2022-02-09 08:00:00.000', '380007', NULL, '100.00', 3, 0.5, '350.00', NULL, '350.00', '1', NULL, 0, NULL, NULL, NULL, 1, NULL, '2022-02-10 07:44:06.000', '2022-02-10 07:44:06.000', NULL, NULL, '0.00', NULL, NULL, NULL),
(31, 44, 4053, '2022-03-02 08:00:00.000', '380007', NULL, '100.00', 3, 0.5, '350.00', NULL, '350.00', 'z', NULL, 0, NULL, NULL, NULL, 1, NULL, '2022-02-10 07:45:28.000', '2022-02-10 07:45:28.000', NULL, NULL, '0.00', NULL, NULL, NULL),
(32, 44, 3073, '2022-02-08 08:00:00.000', '380007', NULL, '100.00', 4, 1, '500.00', '473.00', '500.00', 'gii', NULL, 0, NULL, NULL, NULL, 1, NULL, '2022-02-10 10:23:20.000', '2022-02-10 10:23:20.000', NULL, NULL, '0.00', NULL, NULL, NULL),
(33, 44, 2766, '2022-02-03 08:00:00.000', '380007', NULL, '100.00', 5, 1, '573.00', '27.00', '573.00', '', NULL, 0, NULL, NULL, NULL, 0, NULL, '2022-02-10 10:26:24.000', '2022-02-10 10:26:24.000', NULL, NULL, '0.00', NULL, NULL, NULL),
(34, 44, 4242, '2022-02-09 08:00:00.000', '380007', NULL, '100.00', 3, 1, '373.00', '27.00', '373.00', '', NULL, 0, NULL, NULL, NULL, 0, NULL, '2022-02-10 10:30:39.000', '2022-02-10 10:30:39.000', NULL, NULL, '0.00', NULL, NULL, NULL),
(35, 44, 8939, '2022-02-15 08:00:00.000', '380007', NULL, '100.00', 3, 1, '400.00', '27.00', '373.00', '', NULL, 0, NULL, NULL, NULL, 0, NULL, '2022-02-10 10:36:40.000', '2022-02-10 10:36:40.000', NULL, NULL, '0.00', NULL, NULL, NULL),
(36, 44, 7954, '2022-02-02 08:00:00.000', '380007', NULL, '100.00', 4, 0.5, '450.00', '27.00', '423.00', 'qq', NULL, 0, NULL, NULL, NULL, 1, NULL, '2022-02-10 11:06:58.000', '2022-02-10 11:06:58.000', NULL, NULL, '0.00', NULL, NULL, NULL),
(37, 44, 3853, '2022-02-03 08:00:00.000', '380007', NULL, '100.00', 3, 1, '400.00', '27.00', '373.00', 'cc', NULL, 0, NULL, NULL, NULL, 0, NULL, '2022-02-10 11:07:46.000', '2022-02-10 11:07:46.000', NULL, NULL, '0.00', NULL, NULL, NULL),
(38, 44, 776, '2022-02-16 08:00:00.000', '380007', NULL, '100.00', 3, 1, '400.00', '27.00', '373.00', 'cc', NULL, 0, NULL, NULL, NULL, 0, NULL, '2022-02-10 11:09:46.000', '2022-02-10 11:09:46.000', NULL, NULL, '0.00', NULL, NULL, NULL),
(39, 44, 1218, '2022-02-16 08:00:00.000', '380007', NULL, '100.00', 3, 0.5, '350.00', '27.00', '323.00', 'cc', NULL, 0, NULL, NULL, NULL, 0, NULL, '2022-02-10 11:11:08.000', '2022-02-10 11:11:08.000', NULL, NULL, '0.00', NULL, NULL, NULL),
(40, 44, 6898, '2022-02-08 08:00:00.000', '380007', NULL, '100.00', 3, 1, '400.00', '27.00', '373.00', 'zz', NULL, 0, NULL, NULL, NULL, 1, NULL, '2022-02-10 11:13:05.000', '2022-02-10 11:13:05.000', NULL, NULL, '0.00', NULL, NULL, NULL),
(41, 44, 2009, '2022-02-17 08:00:00.000', '380007', NULL, '100.00', 4, 0.5, '450.00', '27.00', '423.00', 'zz', NULL, 0, NULL, NULL, NULL, 1, NULL, '2022-02-10 11:14:39.000', '2022-02-10 11:14:39.000', NULL, NULL, '0.00', NULL, NULL, NULL),
(42, 44, 712, '2022-02-19 12:00:00.000', '380007', NULL, '100.00', 4, 0.5, '450.00', '27.00', '423.00', 'zz', NULL, 0, NULL, NULL, NULL, 1, NULL, '2022-02-10 11:16:48.000', '2022-02-10 11:16:48.000', NULL, NULL, '0.00', NULL, NULL, NULL),
(43, 44, 8670, '2022-02-12 08:30:00.000', '380007', NULL, '100.00', 4, 0.5, '450.00', '27.00', '423.00', 'xx', NULL, 0, NULL, NULL, NULL, 0, NULL, '2022-02-10 11:19:30.000', '2022-02-10 11:19:30.000', NULL, NULL, '0.00', NULL, NULL, NULL),
(44, 44, 8666, '2022-02-16 09:00:00.000', '380007', NULL, '100.00', 4, 0.5, '450.00', '27.00', '423.00', 'aa', NULL, 0, NULL, NULL, NULL, 0, NULL, '2022-02-10 11:22:02.000', '2022-02-10 11:22:02.000', NULL, NULL, '0.00', NULL, NULL, NULL),
(45, 44, 2343, '2022-02-17 08:00:00.000', '380007', NULL, '100.00', 3, 0.5, '350.00', '27.00', '323.00', 'cc', NULL, 0, NULL, NULL, NULL, 0, NULL, '2022-02-10 11:25:37.000', '2022-02-10 11:25:37.000', NULL, NULL, '0.00', NULL, NULL, NULL),
(46, 44, 354, '2022-02-17 10:00:00.000', '380007', NULL, '100.00', 4, 1, '500.00', '27.00', '473.00', 'ccc', NULL, 0, NULL, NULL, NULL, 1, NULL, '2022-02-10 11:26:29.000', '2022-02-10 11:26:29.000', NULL, NULL, '0.00', NULL, NULL, NULL),
(47, 44, 8565, '2022-03-10 08:00:00.000', '380007', NULL, '100.00', 3, 0.5, '350.00', '27.00', '323.00', 'cc', NULL, 0, NULL, NULL, NULL, 0, NULL, '2022-02-10 11:27:43.000', '2022-02-10 11:27:43.000', NULL, NULL, '0.00', NULL, NULL, NULL),
(48, 44, 5529, '2022-02-25 08:00:00.000', '380007', NULL, '100.00', 3, 0.5, '350.00', '27.00', '323.00', 'cc', NULL, 0, NULL, NULL, NULL, 0, NULL, '2022-02-10 11:28:36.000', '2022-02-10 11:28:36.000', NULL, NULL, '0.00', NULL, NULL, NULL),
(49, 44, 7918, '2022-02-10 08:00:00.000', '380007', NULL, '100.00', 3, 0.5, '350.00', '27.00', '323.00', 'ccc', NULL, 0, NULL, NULL, NULL, 0, NULL, '2022-02-10 11:30:43.000', '2022-02-10 11:30:43.000', NULL, NULL, '0.00', NULL, NULL, NULL),
(50, 44, 5641, '2022-03-02 08:00:00.000', '380007', NULL, '100.00', 6, 0.5, '650.00', '27.00', '623.00', 'ccc', NULL, 0, NULL, NULL, NULL, 0, NULL, '2022-02-10 11:33:10.000', '2022-02-10 11:33:10.000', NULL, NULL, '0.00', NULL, NULL, NULL),
(51, 44, 4977, '2022-02-09 08:00:00.000', '380007', NULL, '100.00', 5, 0.5, '550.00', '27.00', '523.00', 'v', NULL, 0, NULL, NULL, NULL, 0, NULL, '2022-02-10 11:35:01.000', '2022-02-10 11:35:01.000', NULL, NULL, '0.00', NULL, NULL, NULL),
(52, 44, 1727, '2022-02-16 08:00:00.000', '380007', NULL, '100.00', 3, 1, '400.00', '27.00', '373.00', 'cc', NULL, 0, NULL, NULL, NULL, 0, NULL, '2022-02-10 11:35:48.000', '2022-02-10 11:35:48.000', NULL, NULL, '0.00', NULL, NULL, NULL),
(53, 44, 4104, '2022-02-16 08:00:00.000', '380007', NULL, '100.00', 4, 0.5, '450.00', '27.00', '423.00', 'aa', NULL, 0, NULL, NULL, NULL, 1, NULL, '2022-02-10 11:37:06.000', '2022-02-10 11:37:06.000', NULL, NULL, '0.00', NULL, NULL, NULL),
(54, 44, 9046, '2022-02-22 11:30:00.000', '380007', NULL, '100.00', 6, 2.5, '850.00', '27.00', '823.00', 'yatri', NULL, 0, NULL, NULL, NULL, 1, NULL, '2022-02-10 11:38:15.000', '2022-02-10 11:38:15.000', NULL, NULL, '0.00', NULL, NULL, NULL),
(55, 44, 6003, '2022-03-03 11:30:00.000', '380007', NULL, '100.00', 5, 1, '600.00', '27.00', '573.00', 'cc', NULL, 0, NULL, NULL, NULL, 1, NULL, '2022-02-10 11:46:23.000', '2022-02-10 11:46:23.000', NULL, NULL, '0.00', NULL, NULL, NULL),
(56, 44, 8932, '2022-02-10 09:30:00.000', '380007', NULL, '100.00', 5, 1, '600.00', '27.00', '573.00', 'cc', NULL, 0, NULL, NULL, NULL, 0, NULL, '2022-02-10 11:47:36.000', '2022-02-10 11:47:36.000', NULL, NULL, '0.00', NULL, NULL, NULL),
(57, 44, 9138, '2022-02-15 10:00:00.000', '380007', NULL, '100.00', 5, 1, '600.00', '27.00', '573.00', 'qqq', NULL, 0, NULL, NULL, NULL, 1, NULL, '2022-02-10 11:48:37.000', '2022-02-10 11:48:37.000', NULL, NULL, '0.00', NULL, NULL, NULL),
(58, 59, 8989, '2022-02-25 08:00:00.000', '380007', NULL, '100.00', 3, 0.5, '350.00', '27.00', '323.00', 'a', NULL, 0, NULL, NULL, NULL, 0, NULL, '2022-02-11 05:13:25.000', '2022-02-11 05:13:25.000', NULL, NULL, '0.00', NULL, NULL, NULL),
(59, 59, 8320, '2022-02-16 08:00:00.000', '380007', NULL, '100.00', 4, 0.5, '450.00', '27.00', '423.00', ' c', NULL, 0, NULL, NULL, NULL, 0, NULL, '2022-02-11 06:08:11.000', '2022-02-11 06:08:11.000', NULL, NULL, '0.00', NULL, NULL, NULL),
(60, 63, 847, '2022-02-09 08:00:00.000', '380007', NULL, '100.00', 4, 1, '500.00', '27.00', '473.00', 'q', NULL, 0, NULL, NULL, NULL, 1, NULL, '2022-02-11 09:52:55.000', '2022-02-11 09:52:55.000', NULL, NULL, '0.00', NULL, NULL, NULL),
(61, 63, 2679, '2022-02-09 09:00:00.000', '380007', NULL, '100.00', 3, 1, '400.00', '27.00', '373.00', 'qq', NULL, 0, NULL, NULL, NULL, 0, NULL, '2022-02-11 10:30:28.000', '2022-02-11 10:30:28.000', NULL, NULL, '0.00', NULL, NULL, NULL),
(62, 63, 3453, '2022-02-03 08:00:00.000', '380007', NULL, '100.00', 3, 1, '400.00', '27.00', '373.00', 'xx', NULL, 0, NULL, NULL, NULL, 1, NULL, '2022-02-11 10:48:21.000', '2022-02-11 10:48:21.000', NULL, NULL, '0.00', NULL, NULL, NULL),
(63, 63, 670, '2022-02-16 08:00:00.000', '380007', NULL, '100.00', 3, 1, '400.00', '27.00', '373.00', 'z', NULL, 0, NULL, NULL, NULL, 1, NULL, '2022-02-12 04:50:36.000', '2022-02-12 04:50:36.000', NULL, NULL, '0.00', NULL, NULL, NULL),
(64, 63, 694, '2022-02-02 08:00:00.000', '380007', NULL, '100.00', 3, 1, '400.00', '27.00', '373.00', 'x', NULL, 0, NULL, NULL, NULL, 0, NULL, '2022-02-12 04:55:56.000', '2022-02-12 04:55:56.000', NULL, NULL, '0.00', NULL, NULL, NULL),
(65, 63, 8176, '2022-02-09 08:00:00.000', '380007', NULL, '100.00', 3, 0.5, '350.00', '27.00', '323.00', 'zz', NULL, 0, NULL, NULL, NULL, 0, NULL, '2022-02-12 04:58:35.000', '2022-02-12 04:58:35.000', NULL, NULL, '0.00', NULL, NULL, NULL),
(66, 63, 2082, '2022-02-09 08:00:00.000', '380007', NULL, '100.00', 6, 2.5, '850.00', '27.00', '823.00', 'zz', NULL, 0, NULL, NULL, NULL, 0, NULL, '2022-02-12 05:04:58.000', '2022-02-12 05:04:58.000', NULL, NULL, '0.00', NULL, NULL, NULL),
(67, 63, 7657, '2022-02-08 08:00:00.000', '380007', NULL, '100.00', 3, 0.5, '350.00', '27.00', '323.00', 'c', NULL, 0, NULL, NULL, NULL, 0, NULL, '2022-02-12 05:08:38.000', '2022-02-12 05:08:38.000', NULL, NULL, '0.00', NULL, NULL, NULL),
(68, 63, 8873, '2022-02-02 08:00:00.000', '380007', NULL, '100.00', 6, 0.5, '650.00', '27.00', '623.00', 'x', NULL, 0, NULL, NULL, NULL, 1, NULL, '2022-02-12 05:10:48.000', '2022-02-12 05:10:48.000', NULL, NULL, '0.00', NULL, NULL, NULL),
(69, 63, 9424, '2022-02-09 08:00:00.000', '380007', NULL, '100.00', 4, 0.5, '450.00', '27.00', '423.00', 'xx', NULL, 0, NULL, NULL, NULL, 0, NULL, '2022-02-12 05:14:06.000', '2022-02-12 05:14:06.000', NULL, NULL, '0.00', NULL, NULL, NULL),
(70, 63, 9436, '2022-02-02 08:00:00.000', '380007', NULL, '100.00', 4, 0.5, '450.00', '27.00', '423.00', 'c', NULL, 0, NULL, NULL, NULL, 0, NULL, '2022-02-12 05:18:03.000', '2022-02-12 05:18:03.000', NULL, NULL, '0.00', NULL, NULL, NULL),
(71, 63, 625, '2022-02-08 08:00:00.000', '380007', NULL, '100.00', 5, 0.5, '550.00', '27.00', '523.00', 'c', NULL, 0, NULL, NULL, NULL, 0, NULL, '2022-02-12 05:25:04.000', '2022-02-12 05:25:04.000', NULL, NULL, '0.00', NULL, NULL, NULL),
(72, 63, 2716, '2022-02-09 08:00:00.000', '380007', NULL, '100.00', 4, 1, '500.00', '27.00', '473.00', 'x', NULL, 0, NULL, NULL, NULL, 0, NULL, '2022-02-12 05:26:16.000', '2022-02-12 05:26:16.000', NULL, NULL, '0.00', NULL, NULL, NULL),
(73, 63, 9133, '2022-02-23 08:00:00.000', '380007', NULL, '100.00', 6, 1, '700.00', '27.00', '673.00', 'x', NULL, 0, NULL, NULL, NULL, 0, NULL, '2022-02-12 05:27:33.000', '2022-02-12 05:27:33.000', NULL, NULL, '0.00', NULL, NULL, NULL),
(74, 63, 4409, '2022-02-03 08:00:00.000', '380007', NULL, '100.00', 3, 0.5, '350.00', '27.00', '323.00', 'x', NULL, 0, NULL, NULL, NULL, 0, NULL, '2022-02-12 05:28:28.000', '2022-02-12 05:28:28.000', NULL, NULL, '0.00', NULL, NULL, NULL),
(75, 63, 3105, '2022-02-10 08:00:00.000', '380007', NULL, '100.00', 3, 1, '400.00', '27.00', '373.00', 'x', NULL, 0, NULL, NULL, NULL, 0, NULL, '2022-02-12 05:51:16.000', '2022-02-12 05:51:16.000', NULL, NULL, '0.00', NULL, NULL, NULL),
(76, 63, 8588, '2022-02-22 08:00:00.000', '380007', NULL, '100.00', 4, 1, '500.00', '27.00', '473.00', 'hi', NULL, 0, NULL, NULL, NULL, 1, NULL, '2022-02-12 06:03:27.000', '2022-02-12 06:03:27.000', NULL, NULL, '0.00', NULL, NULL, NULL),
(77, 63, 6568, '2022-02-10 08:00:00.000', '380007', NULL, '100.00', 4, 1, '500.00', '27.00', '473.00', 's', NULL, 0, NULL, NULL, NULL, 1, NULL, '2022-02-12 06:12:01.000', '2022-02-12 06:12:01.000', NULL, NULL, '0.00', NULL, NULL, NULL),
(78, 63, 4290, '2022-02-23 08:00:00.000', '380007', NULL, '100.00', 3, 0.5, '350.00', '27.00', '323.00', 'xx', NULL, 0, NULL, NULL, NULL, 1, NULL, '2022-02-12 06:17:24.000', '2022-02-12 06:17:24.000', NULL, NULL, '0.00', NULL, NULL, NULL),
(79, 63, 6198, '2022-02-24 08:00:00.000', '380007', NULL, '100.00', 3, 0.5, '350.00', '27.00', '323.00', 'z', NULL, 0, NULL, NULL, NULL, 1, NULL, '2022-02-12 07:02:05.000', '2022-02-12 07:02:05.000', NULL, NULL, '0.00', NULL, NULL, NULL),
(80, 63, 1360, '2022-02-02 08:00:00.000', '380007', NULL, '100.00', 4, 0.5, '450.00', '27.00', '423.00', 'x', NULL, 0, NULL, NULL, NULL, 0, NULL, '2022-02-12 07:03:32.000', '2022-02-12 07:03:32.000', NULL, NULL, '0.00', NULL, NULL, NULL),
(81, 44, 2538, '2022-02-09 08:00:00.000', '380007', NULL, '100.00', 4, 1, '500.00', '27.00', '473.00', 'x', NULL, 0, NULL, NULL, NULL, 0, NULL, '2022-02-14 04:41:29.000', '2022-02-14 04:41:29.000', NULL, NULL, '0.00', NULL, NULL, NULL),
(82, 44, 6432, '2022-02-10 08:00:00.000', '380007', NULL, '100.00', 3, 1, '400.00', '27.00', '373.00', 's', NULL, 0, NULL, NULL, NULL, 0, NULL, '2022-02-14 04:49:17.000', '2022-02-14 04:49:17.000', NULL, NULL, '0.00', NULL, NULL, NULL),
(83, 44, 9331, '2022-03-02 08:00:00.000', '380007', NULL, '100.00', 3, 0.5, '350.00', '27.00', '323.00', 'x', NULL, 0, NULL, NULL, NULL, 0, NULL, '2022-02-14 04:52:55.000', '2022-02-14 04:52:55.000', NULL, NULL, '0.00', NULL, NULL, NULL),
(84, 44, 925, '2022-02-23 08:00:00.000', '380007', NULL, '100.00', 5, 0.5, '550.00', '27.00', '523.00', 'x', NULL, 0, NULL, NULL, NULL, 0, NULL, '2022-02-14 04:53:51.000', '2022-02-14 04:53:51.000', NULL, NULL, '0.00', NULL, NULL, NULL),
(85, 44, 1315, '1970-01-01 08:00:00.000', '380007', NULL, '100.00', 4, 1, '500.00', '27.00', '473.00', '', NULL, 0, NULL, NULL, NULL, 1, NULL, '2022-02-14 07:18:20.000', '2022-02-14 07:18:20.000', NULL, NULL, '0.00', NULL, NULL, NULL),
(86, 44, 2795, '1970-01-01 08:00:00.000', '380007', NULL, '100.00', 4, 1, '500.00', '27.00', '473.00', '', NULL, 0, NULL, NULL, NULL, 1, NULL, '2022-02-14 09:54:56.000', '2022-02-14 09:54:56.000', NULL, NULL, '0.00', NULL, NULL, NULL),
(87, 44, 4329, '2022-02-15 09:00:00.000', '380007', NULL, '100.00', 6, 1, '700.00', '27.00', '673.00', '', NULL, 0, NULL, NULL, NULL, 1, NULL, '2022-02-14 09:57:16.000', '2022-02-14 09:57:16.000', NULL, NULL, '0.00', NULL, NULL, NULL),
(88, 44, 1815, '1970-01-01 08:00:00.000', '380007', NULL, '100.00', 4, 1, '500.00', '27.00', '473.00', '', NULL, 0, NULL, NULL, NULL, 1, NULL, '2022-02-14 10:55:06.000', '2022-02-14 10:55:06.000', NULL, NULL, '0.00', NULL, NULL, NULL),
(89, 44, 3479, '1970-01-01 08:00:00.000', '380007', NULL, '100.00', 4, 1, '500.00', '27.00', '473.00', '', NULL, 0, NULL, NULL, NULL, 1, NULL, '2022-02-14 11:02:28.000', '2022-02-14 11:02:28.000', NULL, NULL, '0.00', NULL, NULL, NULL),
(90, 44, 4049, '1970-01-01 08:00:00.000', '380007', NULL, '100.00', 3, 1, '400.00', '27.00', '373.00', '', NULL, 0, NULL, NULL, NULL, 1, NULL, '2022-02-14 11:39:29.000', '2022-02-14 11:39:29.000', NULL, NULL, '0.00', NULL, NULL, NULL),
(91, 44, 9235, '1970-01-01 08:00:00.000', '380007', NULL, '100.00', 4, 0.5, '450.00', '27.00', '423.00', '', NULL, 0, NULL, NULL, NULL, 1, NULL, '2022-02-14 12:00:04.000', '2022-02-14 12:00:04.000', NULL, NULL, '0.00', NULL, NULL, NULL),
(92, 44, 852, '1970-01-01 08:00:00.000', '380007', NULL, '100.00', 4, 1, '500.00', '27.00', '473.00', '', NULL, 0, NULL, NULL, NULL, 1, NULL, '2022-02-14 12:04:06.000', '2022-02-14 12:04:06.000', NULL, NULL, '0.00', NULL, NULL, NULL),
(93, 44, 1161, '2022-02-16 08:00:00.000', '380007', NULL, '100.00', 4, 1, '500.00', '27.00', '473.00', 'hahah', NULL, 0, NULL, NULL, NULL, 1, NULL, '2022-02-14 12:06:23.000', '2022-02-14 12:06:23.000', NULL, NULL, '0.00', NULL, NULL, NULL),
(94, 44, 9739, '2022-02-09 08:00:00.000', '380007', NULL, '100.00', 4, 1, '500.00', '27.00', '473.00', '', NULL, 0, NULL, NULL, NULL, 1, NULL, '2022-02-14 12:15:40.000', '2022-02-14 12:15:40.000', NULL, NULL, '0.00', NULL, NULL, NULL),
(95, 44, 5397, '2022-02-09 08:00:00.000', '380007', NULL, '100.00', 4, 1, '500.00', '27.00', '473.00', '', NULL, 0, NULL, NULL, NULL, 1, NULL, '2022-02-14 12:16:04.000', '2022-02-14 12:16:04.000', NULL, NULL, '0.00', NULL, NULL, NULL),
(96, 44, 3311, '1970-01-01 08:00:00.000', '380007', NULL, '100.00', 3, 1, '400.00', '27.00', '373.00', '', NULL, 0, NULL, NULL, NULL, 1, NULL, '2022-02-14 12:29:40.000', '2022-02-14 12:29:40.000', NULL, NULL, '0.00', NULL, NULL, NULL),
(97, 44, 645, '1970-01-01 08:00:00.000', '380007', NULL, '100.00', 4, 1, '500.00', '27.00', '473.00', '', NULL, 0, NULL, NULL, NULL, 1, NULL, '2022-02-14 12:34:11.000', '2022-02-14 12:34:11.000', NULL, NULL, '0.00', NULL, NULL, NULL),
(98, 44, 9582, '1970-01-01 08:00:00.000', '380007', NULL, '100.00', 5, 1, '600.00', '27.00', '573.00', '', NULL, 0, NULL, NULL, NULL, 1, NULL, '2022-02-14 02:24:52.000', '2022-02-14 02:24:52.000', NULL, NULL, '0.00', NULL, NULL, NULL),
(99, 44, 488, '1970-01-01 08:00:00.000', '380007', NULL, '100.00', 3, 1, '400.00', '27.00', '373.00', '', NULL, 0, NULL, NULL, NULL, 1, NULL, '2022-02-14 04:29:19.000', '2022-02-14 04:29:19.000', NULL, NULL, '0.00', NULL, NULL, NULL),
(100, 44, 131, '1970-01-01 08:00:00.000', '380007', NULL, '100.00', 3, 1, '400.00', '27.00', '373.00', '', NULL, 0, NULL, NULL, NULL, 1, NULL, '2022-02-14 04:53:37.000', '2022-02-14 04:53:37.000', NULL, NULL, '0.00', NULL, NULL, NULL),
(101, 44, 6208, '1970-01-01 08:00:00.000', '380007', NULL, '100.00', 3, 1, '400.00', '27.00', '373.00', '', NULL, 0, NULL, NULL, NULL, 1, NULL, '2022-02-14 05:19:32.000', '2022-02-14 05:19:32.000', NULL, NULL, '0.00', NULL, NULL, NULL),
(102, 44, 2094, '1970-01-01 08:00:00.000', '380007', NULL, '100.00', 4, 0.5, '450.00', '27.00', '423.00', 'xx', NULL, 0, NULL, NULL, NULL, 1, NULL, '2022-02-14 05:20:33.000', '2022-02-14 05:20:33.000', NULL, NULL, '0.00', NULL, NULL, NULL),
(103, 44, 2955, '1970-01-01 08:00:00.000', '380007', NULL, '100.00', 3, 0.5, '350.00', '27.00', '323.00', '', NULL, 0, NULL, NULL, NULL, 1, NULL, '2022-02-15 03:42:49.000', '2022-02-15 03:42:49.000', NULL, NULL, '0.00', NULL, NULL, NULL),
(104, 44, 634, '1970-01-01 08:00:00.000', '380007', NULL, '100.00', 3, 1, '400.00', '27.00', '373.00', '', NULL, 0, NULL, NULL, NULL, 1, NULL, '2022-02-15 04:43:34.000', '2022-02-15 04:43:34.000', NULL, NULL, '0.00', NULL, NULL, NULL),
(105, 44, 8386, '1970-01-01 08:00:00.000', '380007', NULL, '100.00', 4, 1, '500.00', '27.00', '473.00', 'xx', NULL, 0, NULL, NULL, NULL, 1, NULL, '2022-02-15 04:53:34.000', '2022-02-15 04:53:34.000', NULL, NULL, '0.00', NULL, NULL, NULL),
(106, 44, 5311, '1970-01-01 08:00:00.000', '380007', NULL, '100.00', 3, 1, '400.00', '27.00', '373.00', 'cc', NULL, 0, NULL, NULL, NULL, 1, NULL, '2022-02-15 04:56:14.000', '2022-02-15 04:56:14.000', NULL, NULL, '0.00', NULL, NULL, NULL),
(107, 44, 2687, '1970-01-01 08:30:00.000', '380007', NULL, '100.00', 3, 1, '400.00', '27.00', '373.00', 'xx', NULL, 0, NULL, NULL, NULL, 1, NULL, '2022-02-15 05:03:17.000', '2022-02-15 05:03:17.000', NULL, NULL, '0.00', NULL, NULL, NULL),
(108, 44, 4527, '1970-01-01 09:00:00.000', '380007', NULL, '100.00', 4, 1, '500.00', '27.00', '473.00', '', NULL, 0, NULL, NULL, NULL, 1, NULL, '2022-02-15 05:32:08.000', '2022-02-15 05:32:08.000', NULL, NULL, '0.00', NULL, NULL, NULL),
(109, 44, 5013, '1970-01-01 08:00:00.000', '380007', NULL, '100.00', 3, 0.5, '350.00', '27.00', '323.00', '', NULL, 0, NULL, NULL, NULL, 1, NULL, '2022-02-15 05:36:33.000', '2022-02-15 05:36:33.000', NULL, NULL, '0.00', NULL, NULL, NULL),
(110, 44, 2563, '1970-01-01 09:00:00.000', '380007', NULL, '100.00', 3, 1, '400.00', '27.00', '373.00', '', NULL, 0, NULL, NULL, NULL, 1, NULL, '2022-02-15 05:42:16.000', '2022-02-15 05:42:16.000', NULL, NULL, '0.00', NULL, NULL, NULL),
(111, 44, 5463, '1970-01-01 08:00:00.000', '380007', NULL, '100.00', 3, 0.5, '350.00', '27.00', '323.00', '', NULL, 0, NULL, NULL, NULL, 1, NULL, '2022-02-15 05:42:34.000', '2022-02-15 05:42:34.000', NULL, NULL, '0.00', NULL, NULL, NULL),
(112, 44, 9398, '2022-02-10 08:00:00.000', '380007', NULL, '100.00', 3, 1.5, '450.00', '27.00', '423.00', 'zzz', NULL, 0, NULL, NULL, NULL, 1, NULL, '2022-02-15 06:43:50.000', '2022-02-15 06:43:50.000', NULL, NULL, '0.00', NULL, NULL, NULL),
(113, 44, 9757, '1970-01-01 08:00:00.000', '380007', NULL, '100.00', 4, 0.5, '450.00', '27.00', '423.00', '', NULL, 0, NULL, NULL, NULL, 1, NULL, '2022-02-15 07:52:15.000', '2022-02-15 07:52:15.000', NULL, NULL, '0.00', NULL, NULL, NULL),
(114, 44, 5028, '1970-01-01 08:00:00.000', '380007', NULL, '100.00', 3, 0.5, '350.00', '27.00', '323.00', '', NULL, 0, NULL, NULL, NULL, 1, NULL, '2022-02-15 12:34:12.000', '2022-02-15 12:34:12.000', NULL, NULL, '0.00', NULL, NULL, NULL),
(115, 44, 7743, '1970-01-01 08:00:00.000', '380007', NULL, '100.00', 3, 0.5, '350.00', '27.00', '323.00', '', NULL, 0, NULL, NULL, NULL, 1, NULL, '2022-02-15 12:37:35.000', '2022-02-15 12:37:35.000', NULL, NULL, '0.00', NULL, NULL, NULL),
(116, 44, 2739, '1970-01-01 08:00:00.000', '380007', NULL, '100.00', 3, 0.5, '350.00', '27.00', '323.00', '', NULL, 0, NULL, NULL, NULL, 1, NULL, '2022-02-15 12:56:50.000', '2022-02-15 12:56:50.000', NULL, NULL, '0.00', NULL, NULL, NULL),
(117, 44, 6306, '1970-01-01 08:00:00.000', '380007', NULL, '100.00', 5, 1, '600.00', '27.00', '573.00', '', NULL, 0, NULL, NULL, NULL, 1, NULL, '2022-02-15 01:23:52.000', '2022-02-15 01:23:52.000', NULL, NULL, '0.00', NULL, NULL, NULL),
(118, 44, 2685, '2022-02-08 09:00:00.000', '380007', NULL, '100.00', 4, 1, '500.00', '27.00', '473.00', 'xxs', NULL, 0, NULL, NULL, NULL, 1, NULL, '2022-02-15 03:09:55.000', '2022-02-15 03:09:55.000', NULL, NULL, '0.00', NULL, NULL, NULL),
(119, 44, 7074, '1970-01-01 08:00:00.000', '380007', NULL, '100.00', 4, 1, '500.00', '27.00', '473.00', 'xxx', NULL, 0, NULL, NULL, NULL, 1, NULL, '2022-02-15 03:13:41.000', '2022-02-15 03:13:41.000', NULL, NULL, '0.00', NULL, NULL, NULL),
(120, 44, 2111, '1970-01-01 08:00:00.000', '380007', NULL, '100.00', 3, 1, '400.00', '27.00', '373.00', 'mmm', NULL, 0, NULL, NULL, NULL, 1, NULL, '2022-02-15 03:15:18.000', '2022-02-15 03:15:18.000', NULL, NULL, '0.00', NULL, NULL, NULL),
(121, 44, 9801, '1970-01-01 08:00:00.000', '380007', NULL, '100.00', 3, 1, '400.00', '27.00', '373.00', '', NULL, 0, NULL, NULL, NULL, 1, NULL, '2022-02-15 03:34:23.000', '2022-02-15 03:34:23.000', NULL, NULL, '0.00', NULL, NULL, NULL),
(122, 44, 2034, '1970-01-01 08:00:00.000', '380007', NULL, '100.00', 3, 1, '400.00', '27.00', '373.00', '', NULL, 0, NULL, NULL, NULL, 1, NULL, '2022-02-15 03:36:55.000', '2022-02-15 03:36:55.000', NULL, NULL, '0.00', NULL, NULL, NULL),
(123, 44, 1346, '1970-01-01 08:00:00.000', '380007', NULL, '100.00', 4, 1, '500.00', '27.00', '473.00', 'uuuu', NULL, 0, NULL, NULL, NULL, 1, NULL, '2022-02-16 04:38:03.000', '2022-02-16 04:38:03.000', NULL, NULL, '0.00', NULL, NULL, NULL),
(124, 44, 2581, '2022-02-02 08:00:00.000', '380007', NULL, '100.00', 4, 1, '500.00', '27.00', '473.00', 'xx', NULL, 0, NULL, NULL, NULL, 1, NULL, '2022-02-16 04:38:32.000', '2022-02-16 04:38:32.000', NULL, NULL, '0.00', NULL, NULL, NULL),
(125, 44, 4393, '2022-02-08 08:30:00.000', '380007', NULL, '100.00', 4, 1, '500.00', '27.00', '473.00', 'oooo', NULL, 0, NULL, NULL, NULL, 1, NULL, '2022-02-16 04:41:59.000', '2022-02-16 04:41:59.000', NULL, NULL, '0.00', NULL, NULL, NULL),
(126, 44, 7224, '1970-01-01 08:00:00.000', '380007', NULL, '100.00', 6, 2.5, '850.00', '27.00', '823.00', 'qqqq', NULL, 0, NULL, NULL, NULL, 1, NULL, '2022-02-16 04:58:14.000', '2022-02-16 04:58:14.000', NULL, NULL, '0.00', NULL, NULL, NULL),
(127, 44, 4099, '1970-01-01 09:00:00.000', '380007', NULL, '100.00', 4, 1, '500.00', '27.00', '473.00', 'ooo', NULL, 0, NULL, NULL, NULL, 1, NULL, '2022-02-16 05:40:27.000', '2022-02-16 05:40:27.000', NULL, NULL, '0.00', NULL, NULL, NULL),
(128, 44, 101, '2022-02-01 09:00:00.000', '380007', NULL, '100.00', 6, 2.5, '850.00', '27.00', '823.00', 'completed', NULL, 0, NULL, NULL, NULL, 1, NULL, '2022-02-16 06:26:35.000', '2022-02-16 06:26:35.000', NULL, NULL, '0.00', NULL, NULL, NULL),
(129, 44, 4576, '1970-01-01 08:00:00.000', '380007', NULL, '100.00', 4, 1, '500.00', '27.00', '473.00', 'c', NULL, 0, NULL, NULL, NULL, 1, NULL, '2022-02-16 07:09:06.000', '2022-02-16 07:09:06.000', NULL, NULL, '0.00', NULL, NULL, NULL),
(130, 44, 2877, '1970-01-01 08:00:00.000', '380007', NULL, '100.00', 3, 0.5, '350.00', '27.00', '323.00', '', NULL, 0, NULL, NULL, NULL, 1, NULL, '2022-02-16 07:11:27.000', '2022-02-16 07:11:27.000', NULL, NULL, '0.00', NULL, NULL, NULL),
(131, 44, 7617, '1970-01-01 08:00:00.000', '380007', NULL, '100.00', 4, 1, '500.00', '27.00', '473.00', '', NULL, 0, NULL, NULL, NULL, 1, NULL, '2022-02-16 08:33:06.000', '2022-02-16 08:33:06.000', NULL, NULL, '0.00', NULL, NULL, NULL),
(132, 44, 2799, '1970-01-01 08:00:00.000', '380007', NULL, '100.00', 4, 0.5, '450.00', '27.00', '423.00', '', NULL, 0, NULL, NULL, NULL, 1, NULL, '2022-02-16 08:38:49.000', '2022-02-16 08:38:49.000', NULL, NULL, '0.00', NULL, NULL, NULL),
(133, 44, 715, '1970-01-01 08:00:00.000', '380007', NULL, '100.00', 4, 1, '500.00', '27.00', '473.00', '', NULL, 0, NULL, NULL, NULL, 1, NULL, '2022-02-16 08:44:13.000', '2022-02-16 08:44:13.000', NULL, NULL, '0.00', NULL, NULL, NULL),
(134, 44, 8518, '1970-01-01 08:00:00.000', '380007', NULL, '100.00', 4, 0.5, '450.00', '27.00', '423.00', '', NULL, 0, NULL, NULL, NULL, 1, NULL, '2022-02-16 08:45:17.000', '2022-02-16 08:45:17.000', NULL, NULL, '0.00', NULL, NULL, NULL),
(135, 44, 6147, '1970-01-01 08:00:00.000', '380007', NULL, '100.00', 3, 1, '400.00', '27.00', '373.00', ',,,,,,', NULL, 0, NULL, NULL, NULL, 1, NULL, '2022-02-16 01:40:46.000', '2022-02-16 01:40:46.000', NULL, NULL, '0.00', NULL, NULL, NULL),
(136, 44, 7949, '2022-02-15 08:00:00.000', '380007', NULL, '100.00', 5, 1, '600.00', '27.00', '573.00', 'ccc', NULL, 0, NULL, NULL, NULL, 1, NULL, '2022-02-16 03:47:11.000', '2022-02-16 03:47:11.000', NULL, NULL, '0.00', NULL, NULL, NULL),
(137, 44, 7277, '1970-01-01 08:00:00.000', '380007', NULL, '100.00', 4, 0.5, '450.00', '27.00', '423.00', '', NULL, 0, NULL, NULL, NULL, 1, NULL, '2022-02-16 03:47:59.000', '2022-02-16 03:47:59.000', NULL, NULL, '0.00', NULL, NULL, NULL),
(138, 44, 7505, '1970-01-01 08:00:00.000', '380007', NULL, '100.00', 4, 1, '500.00', '27.00', '473.00', '', NULL, 0, NULL, NULL, NULL, 1, NULL, '2022-02-16 03:53:28.000', '2022-02-16 03:53:28.000', NULL, NULL, '0.00', NULL, NULL, NULL),
(139, 44, 8406, '1970-01-01 08:00:00.000', '380007', NULL, '100.00', 5, 0.5, '550.00', '27.00', '523.00', 'xxx', NULL, 0, NULL, NULL, NULL, 1, NULL, '2022-02-16 03:54:45.000', '2022-02-16 03:54:45.000', NULL, NULL, '0.00', NULL, NULL, NULL),
(140, 44, 6662, '1970-01-01 08:00:00.000', '380007', NULL, '100.00', 5, 1, '600.00', '27.00', '573.00', 'xx', NULL, 0, NULL, NULL, NULL, 1, NULL, '2022-02-16 03:58:52.000', '2022-02-16 03:58:52.000', NULL, NULL, '0.00', NULL, NULL, NULL),
(141, 44, 8645, '1970-01-01 08:00:00.000', '380007', NULL, '100.00', 5, 1, '600.00', '27.00', '573.00', '', NULL, 0, NULL, NULL, NULL, 1, NULL, '2022-02-16 04:00:36.000', '2022-02-16 04:00:36.000', NULL, NULL, '0.00', NULL, NULL, NULL),
(142, 44, 5730, '1970-01-01 08:00:00.000', '380007', NULL, '100.00', 6, 0.5, '650.00', '27.00', '623.00', 'x', NULL, 0, NULL, NULL, NULL, 1, NULL, '2022-02-16 04:07:04.000', '2022-02-16 04:07:04.000', NULL, NULL, '0.00', NULL, NULL, NULL),
(143, 44, 2734, '1970-01-01 09:30:00.000', '380007', NULL, '100.00', 5, 1, '600.00', '27.00', '573.00', 'xxx', NULL, 0, NULL, NULL, NULL, 1, NULL, '2022-02-17 04:27:48.000', '2022-02-17 04:27:48.000', NULL, NULL, '0.00', NULL, NULL, NULL),
(144, 44, 8167, '1970-01-01 08:00:00.000', '380007', NULL, '100.00', 6, 1, '700.00', '27.00', '673.00', 'hihihihihihihi', NULL, 0, NULL, NULL, NULL, 1, NULL, '2022-02-17 04:45:18.000', '2022-02-17 04:45:18.000', NULL, NULL, '0.00', NULL, NULL, NULL),
(145, 44, 4614, '1970-01-01 08:00:00.000', '380007', NULL, '100.00', 6, 2.5, '850.00', '27.00', '823.00', 'ppp', NULL, 0, NULL, NULL, NULL, 1, NULL, '2022-02-17 04:54:05.000', '2022-02-17 04:54:05.000', NULL, NULL, '0.00', NULL, NULL, NULL),
(146, 44, 7400, '1970-01-01 08:00:00.000', '380007', NULL, '100.00', 3, 0.5, '350.00', '27.00', '323.00', '', NULL, 0, NULL, NULL, NULL, 1, NULL, '2022-02-17 04:56:00.000', '2022-02-17 04:56:00.000', NULL, NULL, '0.00', NULL, NULL, NULL),
(147, 44, 9431, '2022-02-08 08:00:00.000', '380007', NULL, '100.00', 4, 1, '500.00', '27.00', '473.00', 'lll', NULL, 0, NULL, NULL, NULL, 1, NULL, '2022-02-18 05:01:58.000', '2022-02-18 05:01:58.000', NULL, NULL, '0.00', NULL, NULL, NULL),
(148, 44, 2973, '1970-01-01 08:00:00.000', '380007', NULL, '100.00', 3, 1, '400.00', '27.00', '373.00', '', NULL, 0, NULL, NULL, NULL, 1, NULL, '2022-02-18 05:21:59.000', '2022-02-18 05:21:59.000', NULL, NULL, '0.00', NULL, NULL, NULL),
(149, 44, 2705, '2022-02-16 09:00:00.000', '380007', NULL, '100.00', 3, 1, '400.00', '27.00', '373.00', '', NULL, 0, NULL, NULL, NULL, 1, NULL, '2022-02-18 05:34:13.000', '2022-02-18 05:34:13.000', NULL, NULL, '0.00', NULL, NULL, NULL),
(150, 44, 1331, '2022-02-10 09:30:00.000', '380007', NULL, '100.00', 4, 1, '500.00', '27.00', '473.00', '', NULL, 0, NULL, NULL, NULL, 1, NULL, '2022-02-18 06:01:33.000', '2022-02-18 06:01:33.000', NULL, NULL, '0.00', NULL, NULL, NULL),
(151, 44, 5347, '2022-01-30 08:30:00.000', '380007', NULL, '100.00', 3, 1, '400.00', '27.00', '373.00', '', NULL, 0, NULL, NULL, NULL, 1, NULL, '2022-02-18 06:04:16.000', '2022-02-18 06:04:16.000', NULL, NULL, '0.00', NULL, NULL, NULL),
(152, 44, 501, '2022-02-28 00:00:00.000', '380007', NULL, '100.00', 5, 0.5, '550.00', '27.00', '523.00', '', NULL, 0, NULL, NULL, NULL, 1, NULL, '2022-02-18 06:05:39.000', '2022-02-18 06:05:39.000', NULL, NULL, '0.00', NULL, NULL, NULL),
(153, 44, 494, '2022-02-23 08:30:00.000', '380007', NULL, '100.00', 5, 1, '600.00', '27.00', '573.00', 'xx', NULL, 0, NULL, NULL, NULL, 1, NULL, '2022-02-18 06:17:37.000', '2022-02-18 06:17:37.000', NULL, NULL, '0.00', NULL, NULL, NULL),
(154, 44, 5060, '2022-03-01 08:30:00.000', '380007', NULL, '100.00', 3, 1, '400.00', '27.00', '373.00', 's', NULL, 0, NULL, NULL, NULL, 1, NULL, '2022-02-18 09:16:11.000', '2022-02-18 09:16:11.000', NULL, NULL, '0.00', NULL, NULL, NULL),
(155, 44, 896, '2022-02-09 09:30:00.000', '380007', NULL, '100.00', 4, 0.5, '450.00', '27.00', '423.00', '', NULL, 0, NULL, NULL, NULL, 1, NULL, '2022-02-18 09:29:17.000', '2022-02-18 09:29:17.000', NULL, NULL, '0.00', NULL, NULL, NULL),
(156, 44, 627, '2022-02-10 09:00:00.000', '380007', NULL, '100.00', 6, 0.5, '650.00', '27.00', '623.00', '', NULL, 0, NULL, NULL, NULL, 1, NULL, '2022-02-18 09:30:43.000', '2022-02-18 09:30:43.000', NULL, NULL, '0.00', NULL, NULL, NULL),
(157, 44, 1296, '2022-03-07 10:00:00.000', '380007', NULL, '100.00', 4, 1, '500.00', '27.00', '473.00', 'ss', NULL, 0, NULL, NULL, NULL, 1, NULL, '2022-02-18 10:58:26.000', '2022-02-18 10:58:26.000', NULL, NULL, '0.00', NULL, NULL, NULL),
(158, 44, 5804, '2022-02-01 12:00:00.000', '380007', NULL, '100.00', 5, 1, '600.00', '27.00', '573.00', 'x', NULL, 0, NULL, NULL, NULL, 1, NULL, '2022-02-18 11:02:58.000', '2022-02-18 11:02:58.000', NULL, NULL, '0.00', NULL, NULL, NULL),
(159, 44, 8575, '2022-02-16 11:30:00.000', '380007', NULL, '100.00', 6, 1, '700.00', '27.00', '673.00', 'zz', NULL, 0, NULL, NULL, NULL, 1, NULL, '2022-02-18 11:04:58.000', '2022-02-18 11:04:58.000', NULL, NULL, '0.00', NULL, NULL, NULL),
(160, 44, 9660, '2022-02-22 08:00:00.000', '380007', NULL, '100.00', 3, 0.5, '350.00', '27.00', '323.00', 'x', NULL, 0, NULL, NULL, NULL, 1, NULL, '2022-02-18 11:07:30.000', '2022-02-18 11:07:30.000', NULL, NULL, '0.00', NULL, NULL, NULL),
(161, 44, 3922, '2022-02-15 09:30:00.000', '380007', NULL, '100.00', 5, 1, '600.00', '27.00', '573.00', 'z', NULL, 0, NULL, NULL, NULL, 1, NULL, '2022-02-18 11:17:44.000', '2022-02-18 11:17:44.000', NULL, NULL, '0.00', NULL, NULL, NULL),
(162, 44, 2379, '2022-02-03 10:00:00.000', '380007', NULL, '100.00', 4, 0.5, '450.00', '27.00', '423.00', '', NULL, 0, NULL, NULL, NULL, 1, NULL, '2022-02-18 11:19:42.000', '2022-02-18 11:19:42.000', NULL, NULL, '0.00', NULL, NULL, NULL),
(163, 44, 7678, '2022-03-01 10:00:00.000', '380007', NULL, '100.00', 4, 1, '500.00', '27.00', '473.00', '', NULL, 0, NULL, NULL, NULL, 1, NULL, '2022-02-18 11:22:28.000', '2022-02-18 11:22:28.000', NULL, NULL, '0.00', NULL, NULL, NULL),
(164, 44, 3574, '2022-02-16 08:30:00.000', '380007', NULL, '100.00', 4, 1, '500.00', '27.00', '473.00', '', NULL, 0, NULL, NULL, NULL, 1, NULL, '2022-02-18 11:23:25.000', '2022-02-18 11:23:25.000', NULL, NULL, '0.00', NULL, NULL, NULL),
(165, 44, 1214, '2022-02-03 09:00:00.000', '380007', NULL, '100.00', 5, 1, '600.00', '27.00', '573.00', 'mmm', NULL, 0, NULL, NULL, NULL, 1, NULL, '2022-02-18 11:24:24.000', '2022-02-18 11:24:24.000', NULL, NULL, '0.00', NULL, NULL, NULL),
(166, 44, 5418, '2022-02-03 11:30:00.000', '380007', NULL, '100.00', 4, 1, '500.00', '27.00', '473.00', 'zz', NULL, 0, NULL, NULL, NULL, 1, NULL, '2022-02-18 11:33:31.000', '2022-02-18 11:33:31.000', NULL, NULL, '0.00', NULL, NULL, NULL),
(167, 44, 4330, '2022-02-01 12:00:00.000', '380007', NULL, '100.00', 4, 1, '500.00', '27.00', '473.00', 'zz', NULL, 0, NULL, NULL, NULL, 1, NULL, '2022-02-18 11:34:55.000', '2022-02-18 11:34:55.000', NULL, NULL, '0.00', NULL, NULL, NULL),
(168, 44, 7195, '2022-02-09 09:00:00.000', '380007', NULL, '100.00', 5, 1, '600.00', '27.00', '573.00', 'xx', NULL, 0, NULL, NULL, NULL, 1, NULL, '2022-02-18 11:35:52.000', '2022-02-18 11:35:52.000', NULL, NULL, '0.00', NULL, NULL, NULL),
(169, 44, 6988, '2022-02-12 10:00:00.000', '380007', NULL, '100.00', 4, 1, '500.00', '27.00', '473.00', '', NULL, 0, NULL, NULL, NULL, 1, NULL, '2022-02-18 11:36:50.000', '2022-02-18 11:36:50.000', NULL, NULL, '0.00', NULL, NULL, NULL),
(170, 44, 8834, '2022-02-10 09:00:00.000', '380007', NULL, '100.00', 5, 1, '600.00', '27.00', '573.00', '', NULL, 0, NULL, NULL, NULL, 1, NULL, '2022-02-18 11:37:50.000', '2022-02-18 11:37:50.000', NULL, NULL, '0.00', NULL, NULL, NULL),
(171, 44, 9699, '2022-02-14 09:30:00.000', '380007', NULL, '100.00', 4, 1, '500.00', '27.00', '473.00', '---------------', NULL, 0, NULL, NULL, NULL, 1, NULL, '2022-02-18 11:39:19.000', '2022-02-18 11:39:19.000', NULL, NULL, '0.00', NULL, NULL, NULL),
(172, 44, 1968, '2022-03-01 08:30:00.000', '380007', NULL, '100.00', 3, 1, '400.00', '27.00', '373.00', ';', NULL, 0, NULL, NULL, NULL, 1, NULL, '2022-02-18 11:43:25.000', '2022-02-18 11:43:25.000', NULL, NULL, '0.00', NULL, NULL, NULL),
(173, 63, 5337, '2022-02-10 09:00:00.000', '380007', NULL, '100.00', 4, 1, '500.00', '27.00', '473.00', 'xx', NULL, 0, NULL, NULL, NULL, 1, NULL, '2022-02-18 11:44:47.000', '2022-02-18 11:44:47.000', NULL, NULL, '0.00', NULL, NULL, NULL),
(174, 63, 2657, '2022-02-23 09:30:00.000', '380007', NULL, '100.00', 5, 0.5, '550.00', '27.00', '523.00', '', NULL, 0, NULL, NULL, NULL, 1, NULL, '2022-02-18 11:52:25.000', '2022-02-18 11:52:25.000', NULL, NULL, '0.00', NULL, NULL, NULL),
(175, 63, 5194, '2022-02-16 09:00:00.000', '380007', NULL, '100.00', 6, 1, '700.00', '27.00', '673.00', '', NULL, 0, NULL, NULL, NULL, 1, NULL, '2022-02-18 11:53:09.000', '2022-02-18 11:53:09.000', NULL, NULL, '0.00', NULL, NULL, NULL),
(176, 63, 6839, '2022-02-01 11:30:00.000', '380007', NULL, '100.00', 3, 0.5, '350.00', '27.00', '323.00', '', NULL, 0, NULL, NULL, NULL, 1, NULL, '2022-02-18 11:55:53.000', '2022-02-18 11:55:53.000', NULL, NULL, '0.00', NULL, NULL, NULL),
(177, 63, 9104, '2022-03-08 09:00:00.000', '380007', NULL, '100.00', 4, 1, '500.00', '27.00', '473.00', 'xx', NULL, 0, NULL, NULL, NULL, 1, NULL, '2022-02-18 12:02:21.000', '2022-02-18 12:02:21.000', NULL, NULL, '0.00', NULL, NULL, NULL),
(178, 63, 8033, '2022-02-22 10:00:00.000', '380007', NULL, '100.00', 5, 0.5, '550.00', '27.00', '523.00', '', NULL, 0, NULL, NULL, NULL, 1, NULL, '2022-02-18 12:04:33.000', '2022-02-18 12:04:33.000', NULL, NULL, '0.00', NULL, NULL, NULL),
(179, 63, 5147, '2022-02-01 08:30:00.000', '380007', NULL, '100.00', 5, 0.5, '550.00', '27.00', '523.00', '', NULL, 0, NULL, NULL, NULL, 1, NULL, '2022-02-18 12:05:22.000', '2022-02-18 12:05:22.000', NULL, NULL, '0.00', NULL, NULL, NULL),
(180, 63, 2590, '2022-02-15 11:30:00.000', '380007', NULL, '100.00', 5, 1, '600.00', '27.00', '573.00', '', NULL, 0, NULL, NULL, NULL, 1, NULL, '2022-02-18 12:07:29.000', '2022-02-18 12:07:29.000', NULL, NULL, '0.00', NULL, NULL, NULL),
(181, 63, 7617, '2022-02-01 09:30:00.000', '380007', NULL, '100.00', 5, 0.5, '550.00', '27.00', '523.00', '', NULL, 0, NULL, NULL, NULL, 1, NULL, '2022-02-18 12:08:30.000', '2022-02-18 12:08:30.000', NULL, NULL, '0.00', NULL, NULL, NULL),
(182, 63, 76, '2022-02-21 09:30:00.000', '380007', NULL, '100.00', 5, 0.5, '550.00', '27.00', '523.00', '', NULL, 0, NULL, NULL, NULL, 1, NULL, '2022-02-18 12:09:42.000', '2022-02-18 12:09:42.000', NULL, NULL, '0.00', NULL, NULL, NULL),
(183, 63, 6216, '1970-01-01 00:00:00.000', '380007', NULL, '100.00', 0, 1, '100.00', '27.00', '73.00', 'xx', NULL, 0, NULL, NULL, NULL, 1, NULL, '2022-02-18 12:16:18.000', '2022-02-18 12:16:18.000', NULL, NULL, '0.00', NULL, NULL, NULL),
(184, 63, 7444, '1970-01-01 00:00:00.000', '380007', NULL, '100.00', 0, 0.5, '50.00', '27.00', '23.00', 'xxx', NULL, 0, NULL, NULL, NULL, 1, NULL, '2022-02-18 12:17:11.000', '2022-02-18 12:17:11.000', NULL, NULL, '0.00', NULL, NULL, NULL),
(185, 63, 5461, '2022-02-18 12:00:00.000', '380007', NULL, '100.00', 6, 0.5, '650.00', '27.00', '623.00', 'zzz', NULL, 0, NULL, NULL, NULL, 1, NULL, '2022-02-18 12:19:19.000', '2022-02-18 12:19:19.000', NULL, NULL, '0.00', NULL, NULL, NULL),
(186, 63, 4485, '2022-02-17 12:30:00.000', '380007', NULL, '100.00', 5, 0.5, '550.00', '27.00', '523.00', 'hii', NULL, 0, NULL, NULL, NULL, 1, NULL, '2022-02-18 12:26:28.000', '2022-02-18 12:26:28.000', NULL, NULL, '0.00', NULL, NULL, NULL),
(187, 44, 3664, '2022-02-17 10:00:00.000', '380006', NULL, '100.00', 4, 1, '500.00', '27.00', '473.00', 'ss', NULL, 0, NULL, NULL, NULL, 1, NULL, '2022-02-18 12:49:17.000', '2022-02-18 12:49:17.000', NULL, NULL, '0.00', NULL, NULL, NULL),
(188, 44, 9319, '2022-02-24 11:30:00.000', '380006', NULL, '100.00', 3, 0.5, '350.00', '27.00', '323.00', 'mm', NULL, 0, NULL, NULL, NULL, 1, NULL, '2022-02-18 12:50:50.000', '2022-02-18 12:50:50.000', NULL, NULL, '0.00', NULL, NULL, NULL),
(189, 44, 7718, '2022-02-02 09:00:00.000', '380006', NULL, '100.00', 5, 1, '600.00', '27.00', '573.00', 'xx', NULL, 0, NULL, NULL, NULL, 1, NULL, '2022-02-18 12:57:16.000', '2022-02-18 12:57:16.000', NULL, NULL, '0.00', NULL, NULL, NULL),
(190, 44, 4228, '2022-02-18 09:00:00.000', '380007', NULL, '100.00', 5, 0.5, '550.00', '27.00', '523.00', 'done', NULL, 0, NULL, NULL, NULL, 1, NULL, '2022-02-18 01:04:13.000', '2022-02-18 01:04:13.000', NULL, NULL, '0.00', NULL, NULL, NULL),
(191, 44, 8216, '2022-02-19 10:00:00.000', '380007', NULL, '100.00', 5, 1, '600.00', '27.00', '573.00', 'booked', NULL, 0, NULL, NULL, NULL, 1, NULL, '2022-02-19 04:35:50.000', '2022-02-19 04:35:50.000', NULL, NULL, '0.00', NULL, NULL, NULL),
(192, 44, 3484, '2022-02-18 12:00:00.000', '380007', NULL, '100.00', 6, 2, '800.00', '27.00', '773.00', 'finally booked', NULL, 0, NULL, NULL, NULL, 1, NULL, '2022-02-19 04:43:19.000', '2022-02-19 04:43:19.000', NULL, NULL, '0.00', NULL, NULL, NULL),
(193, 44, 2253, '2022-02-18 10:00:00.000', '380007', NULL, '100.00', 6, 1.5, '750.00', '27.00', '723.00', 'v', NULL, 0, NULL, NULL, NULL, 1, NULL, '2022-02-19 04:47:26.000', '2022-02-19 04:47:26.000', NULL, NULL, '0.00', NULL, NULL, NULL),
(194, 44, 7735, '2022-02-01 08:30:00.000', '380007', NULL, '100.00', 3, 0.5, '350.00', '27.00', '323.00', '', NULL, 0, NULL, NULL, NULL, 1, NULL, '2022-02-19 04:51:44.000', '2022-02-19 04:51:44.000', NULL, NULL, '0.00', NULL, NULL, NULL),
(195, 44, 4693, '2022-03-01 09:30:00.000', '380007', NULL, '100.00', 3, 1, '400.00', '27.00', '373.00', '', NULL, 0, NULL, NULL, NULL, 1, NULL, '2022-02-19 04:53:26.000', '2022-02-19 04:53:26.000', NULL, NULL, '0.00', NULL, NULL, NULL),
(196, 44, 4173, '2022-03-09 08:30:00.000', '380007', NULL, '100.00', 3, 1, '400.00', '27.00', '373.00', '', NULL, 0, NULL, NULL, NULL, 1, NULL, '2022-02-19 05:00:10.000', '2022-02-19 05:00:10.000', NULL, NULL, '0.00', NULL, NULL, NULL),
(197, 44, 1029, '2022-02-09 08:30:00.000', '380007', NULL, '100.00', 4, 0.5, '450.00', '27.00', '423.00', '', NULL, 0, NULL, NULL, NULL, 1, NULL, '2022-02-19 05:02:24.000', '2022-02-19 05:02:24.000', NULL, NULL, '0.00', NULL, NULL, NULL);

-- --------------------------------------------------------

--
-- Table structure for table `servicerequestaddress`
--

CREATE TABLE `servicerequestaddress` (
  `Id` int(11) NOT NULL,
  `ServiceRequestId` int(11) DEFAULT NULL,
  `AddressLine1` varchar(200) DEFAULT NULL,
  `AddressLine2` varchar(200) DEFAULT NULL,
  `City` varchar(50) DEFAULT NULL,
  `State` varchar(50) DEFAULT NULL,
  `PostalCode` varchar(20) DEFAULT NULL,
  `Mobile` varchar(20) DEFAULT NULL,
  `Email` varchar(100) DEFAULT NULL,
  `Type` int(11) DEFAULT 1
) ENGINE=InnoDB DEFAULT CHARSET=latin1;

--
-- Dumping data for table `servicerequestaddress`
--

INSERT INTO `servicerequestaddress` (`Id`, `ServiceRequestId`, `AddressLine1`, `AddressLine2`, `City`, `State`, `PostalCode`, `Mobile`, `Email`, `Type`) VALUES
(1, 107, 'a', NULL, '11ss1', 'Gujarat', '11', '11000', NULL, 1),
(2, 111, 'shanti Tower', NULL, 'ahmedababd', 'Gujarat', '380007', '9909909223', NULL, 1),
(3, 125, 'zz', NULL, '', 'Gujarat', '', '', NULL, 1),
(4, 126, 'qq', '11', '', 'Gujarat', '', 'c', NULL, 1),
(5, 127, 'shanti Tower', '', 'ahmedababd', 'Gujarat', '380007', '9909909223', NULL, 1),
(6, 128, 'completed', '999', 'ahmedababd', 'Gujarat', '', '9426769464', NULL, 1),
(7, 129, 'completed', '999', 'ahmedababd', 'Gujarat', '', '9426769464', NULL, 1),
(8, 130, 'completed', '999', 'ahmedababd', 'Gujarat', '', '9426769464', NULL, 1),
(9, 130, 'completed', '999', 'ahmedababd', 'Gujarat', '', '9426769464', NULL, 1),
(10, 131, 'completed', '999', 'ahmedababd', 'Gujarat', '', '9426769464', NULL, 1),
(11, 132, 'completed', '999', 'ahmedababd', 'Gujarat', '', '9426769464', NULL, 1),
(12, 133, 'qq', '11', '', 'Gujarat', '', 'c', NULL, 1),
(13, 134, 'qq', '11', '', 'Gujarat', '', 'c', NULL, 1),
(14, 134, 'ff', '11', 'ahmedababd', 'Gujarat', '380007', '98999999', NULL, 1),
(15, 135, 'ww', '1', 'ahmedababd', 'Gujarat', '380007', 'q', NULL, 1),
(16, 138, 'shanti Tower', NULL, 'ahmedababd', 'Gujarat', '380007', '9909909223', NULL, 1),
(17, 139, 'zz', NULL, '1', 'Gujarat', '380007', '9909909999', NULL, 1),
(18, 140, 'completed', NULL, 'ahmedababd', 'Gujarat', '', '9426769464', NULL, 1),
(19, 141, 'shanti Tower', NULL, 'ahmedababd', 'Gujarat', '380007', '9909909223', NULL, 1),
(20, 142, 'zz', NULL, '', 'Gujarat', '', '', NULL, 1),
(21, 143, 'cc', '', '1', 'Gujarat', '380007', '9090909090', NULL, 1),
(22, 144, 'divya', '104', 'ahmedababd', 'Gujarat', '380007', '9909909223', NULL, 1),
(23, 145, 'cc', '', '1', 'Gujarat', '380007', '9090909090', NULL, 1),
(24, 146, 'qq', '11', 'ahmedababd', 'Gujarat', '380007', '9909909223', NULL, 1),
(25, 147, 'n', '1', 'ahmedababd', 'Gujarat', '380007', '9909909223', NULL, 1),
(26, 148, 'shanti Tower', '', 'ahmedababd', 'Gujarat', '380007', '9909909223', NULL, 1),
(27, 148, 'qq', '11', '', 'Gujarat', '', 'c', NULL, 1),
(28, 149, 'shanti Tower', '', 'ahmedababd', 'Gujarat', '380007', '9909909223', NULL, 1),
(29, 149, 'zz', '', '1', 'Gujarat', '380007', '9909909999', NULL, 1),
(30, 150, 'n', '1', 'ahmedababd', 'Gujarat', '380007', '9909909223', NULL, 1),
(31, 151, 'hii', '', '', 'Gujarat', '', '00', NULL, 1),
(32, 152, 'zz', '', '', 'Gujarat', '', '', NULL, 1),
(33, 153, 'ff', '11', 'ahmedababd', 'Gujarat', '380007', '98999999', NULL, 1),
(34, 154, 'zz', '104', 'ahmedababd', 'Gujarat', '380007', '9909909223', NULL, 1),
(35, 155, 'n', '1', 'ahmedababd', 'Gujarat', '380007', '9909909223', NULL, 1),
(36, 156, 'hi', '1', 'ahmedababd', 'Gujarat', '380007', '9909909223', NULL, 1),
(37, 156, 'vv', '104', 'ahmedababd', 'Gujarat', '380007', '9426769464', NULL, 1),
(38, 157, 'hii', '', '', 'Gujarat', '', '00', NULL, 1),
(39, 157, 'shanti Tower', '1', 'ahmedababd', 'Gujarat', '380007', '9909909223', NULL, 1),
(40, 157, 'hii', '', '', 'Gujarat', '', '00', NULL, 1),
(41, 158, 'hii', '', '', 'Gujarat', '', '00', NULL, 1),
(42, 159, 'hii', '', '', 'Gujarat', '', '00', NULL, 1),
(43, 160, 'z', '7', 'ahmedababd', 'Gujarat', '380007', '9909909223', NULL, 1),
(44, 160, 'z', '7', 'ahmedababd', 'Gujarat', '380007', '9909909223', NULL, 1),
(45, 160, 'shanti Tower', '1', 'ahmedababd', 'Gujarat', '380007', '9909909223', NULL, 1),
(46, 161, 'shanti Tower', '1', 'ahmedababd', 'Gujarat', '380007', '9909909223', NULL, 1),
(47, 162, 'shanti Tower', '1', 'ahmedababd', 'Gujarat', '380007', '9909909223', NULL, 1),
(48, 162, 'shanti Tower', '1', 'ahmedababd', 'Gujarat', '380007', '9909909223', NULL, 1),
(49, 163, 'hii', '', '', 'Gujarat', '', '00', NULL, 1),
(50, 164, 'z', '7', 'ahmedababd', 'Gujarat', '380007', '9909909223', NULL, 1),
(51, 165, 'zz', '11', 'ahmedababd', 'Gujarat', '380007', '9909909223', NULL, 1),
(52, 166, 'b', '0', 'ahmedababd', 'Gujarat', '380007', '9909909223', NULL, 1),
(53, 167, 'hi', '1', 'ahmedababd', 'Gujarat', '380007', '9909909223', NULL, 1),
(54, 168, 'b', '0', 'ahmedababd', 'Gujarat', '380007', '9909909223', NULL, 1),
(55, 169, 'hi', '1', 'ahmedababd', 'Gujarat', '380007', '9909909223', NULL, 1),
(56, 170, 'shanti Tower', '1', 'ahmedababd', 'Gujarat', '380007', '9909909223', NULL, 1),
(57, 171, 'ww', '1', 'ahmedababd', 'Gujarat', '380007', 'q', NULL, 1),
(58, 172, 'b', '0', 'ahmedababd', 'Gujarat', '380007', '9909909223', NULL, 1),
(59, 173, 'shanti Tower', '104', 'ahmedababd', 'Gujarat', '380007', '9909909223', NULL, 1),
(60, 174, 'shanti Tower', '104', 'ahmedababd', 'Gujarat', '380007', '9909909223', NULL, 1),
(61, 175, 'shanti Tower', '104', 'ahmedababd', 'Gujarat', '380007', '9909909223', NULL, 1),
(62, 176, 'shanti Tower', '104', 'ahmedababd', 'Gujarat', '380007', '9909909223', NULL, 1),
(63, 177, 'shanti Tower', '104', 'ahmedababd', 'Gujarat', '380007', '9909909223', NULL, 1),
(64, 178, 'shanti Tower', '104', 'ahmedababd', 'Gujarat', '380007', '9909909223', NULL, 1),
(65, 178, 'shanti Tower', '104', 'ahmedababd', 'Gujarat', '380007', '9909909223', NULL, 1),
(66, 178, 'shanti Tower', '104', 'ahmedababd', 'Gujarat', '380007', '9909909223', NULL, 1),
(67, 178, 'shanti Tower', '104', 'ahmedababd', 'Gujarat', '380007', '9909909223', NULL, 1),
(68, 178, 'shanti Tower', '104', 'ahmedababd', 'Gujarat', '380007', '9909909223', NULL, 1),
(69, 179, 'shanti Tower', '104', 'ahmedababd', 'Gujarat', '380007', '9909909223', NULL, 1),
(70, 180, 'shanti Tower', '104', 'ahmedababd', 'Gujarat', '380007', '9909909223', NULL, 1),
(71, 180, 'shanti Tower', '104', 'ahmedababd', 'Gujarat', '380007', '9909909223', NULL, 1),
(72, 131, 'shanti Tower', '104', 'ahmedababd', 'Gujarat', '380007', '9909909223', NULL, 1),
(73, 182, 'shanti Tower', '104', 'ahmedababd', 'Gujarat', '380007', '9909909223', NULL, 1),
(74, 183, 'shanti Tower', '104', 'ahmedababd', 'Gujarat', '380007', '9909909223', NULL, 1),
(75, 184, 'shanti Tower', '104', 'ahmedababd', 'Gujarat', '380007', '9909909223', NULL, 1),
(76, 185, 'shanti Tower', '104', 'ahmedababd', 'Gujarat', '380007', '9909909223', NULL, 1),
(77, 186, 'pooja', '104', 'ahmedababd', 'Gujarat', '380007', '9426769464', NULL, 1),
(78, 187, 'b', '0', 'ahmedababd', 'Gujarat', '380007', '9909909223', NULL, 1),
(79, 188, 'cccc', '111111', 'ahmedababd', 'Gujarat', '380006', '9426023083', NULL, 1),
(80, 189, 'hii', '', '', 'Gujarat', '', '00', NULL, 1),
(81, 190, 'done', '111', 'ahmedababd', 'Gujarat', '380007', '9909909223', NULL, 1),
(82, 191, 'booked', '111', 'ahmedababd', 'Gujarat', '380007', '9426769464', NULL, 1),
(83, 192, 'done', '111', 'ahmedababd', 'Gujarat', '380007', '9909909223', NULL, 1),
(84, 193, 'cccc', '111111', 'ahmedababd', 'Gujarat', '380006', '9426023083', NULL, 1),
(85, 194, 'm', '1', 'ahmedababd', 'Gujarat', '380007', '9909909223', NULL, 1),
(86, 195, 'done', '111', 'ahmedababd', 'Gujarat', '380007', '9909909223', NULL, 1),
(87, 196, 'm', '1', 'ahmedababd', 'Gujarat', '380007', '9909909223', NULL, 1),
(88, 197, 'hii', '', '', 'Gujarat', '', '00', NULL, 1);

-- --------------------------------------------------------

--
-- Table structure for table `servicerequestextra`
--

CREATE TABLE `servicerequestextra` (
  `ServiceRequestExtraId` int(11) NOT NULL,
  `ServiceRequestId` int(11) NOT NULL,
  `ServiceExtraId` int(11) NOT NULL
) ENGINE=InnoDB DEFAULT CHARSET=latin1;

--
-- Dumping data for table `servicerequestextra`
--

INSERT INTO `servicerequestextra` (`ServiceRequestExtraId`, `ServiceRequestId`, `ServiceExtraId`) VALUES
(1, 9, 1),
(2, 9, 2),
(3, 10, 1),
(4, 10, 2),
(5, 11, 1),
(6, 12, 1),
(7, 12, 2),
(8, 13, 1),
(9, 13, 2),
(10, 13, 3),
(11, 13, 4),
(12, 14, 1),
(13, 15, 1),
(14, 15, 2),
(15, 16, 1),
(16, 16, 2),
(17, 17, 1),
(18, 17, 2),
(19, 18, 1),
(20, 18, 2),
(21, 19, 1),
(22, 19, 2),
(23, 20, 1),
(24, 20, 2),
(25, 21, 1),
(26, 21, 2),
(27, 21, 3),
(28, 21, 4),
(29, 22, 1),
(30, 22, 2),
(31, 23, 1),
(32, 24, 1),
(33, 25, 1),
(34, 26, 1),
(35, 26, 2),
(36, 27, 1),
(37, 28, 3),
(38, 29, 2),
(39, 30, 1),
(40, 31, 1),
(41, 32, 1),
(42, 32, 2),
(43, 33, 1),
(44, 33, 2),
(45, 34, 1),
(46, 34, 2),
(47, 35, 1),
(48, 35, 2),
(49, 36, 3),
(50, 37, 1),
(51, 37, 2),
(52, 38, 1),
(53, 38, 2),
(54, 39, 1),
(55, 40, 1),
(56, 40, 2),
(57, 41, 5),
(58, 42, 5),
(59, 43, 5),
(60, 44, 5),
(61, 45, 2),
(62, 46, 1),
(63, 46, 2),
(64, 47, 1),
(65, 48, 5),
(66, 49, 2),
(67, 12, 1),
(68, 51, 3),
(69, 52, 1),
(70, 52, 2),
(71, 53, 4),
(72, 54, 1),
(73, 54, 2),
(74, 54, 3),
(75, 54, 4),
(76, 54, 5),
(77, 55, 1),
(78, 55, 2),
(79, 56, 1),
(80, 56, 2),
(81, 57, 1),
(82, 57, 2),
(83, 58, 3),
(84, 59, 3),
(85, 60, 1),
(86, 60, 2),
(87, 61, 1),
(88, 61, 2),
(89, 62, 1),
(90, 62, 2),
(91, 63, 1),
(92, 63, 2),
(93, 64, 2),
(94, 64, 3),
(95, 65, 1),
(96, 66, 1),
(97, 66, 2),
(98, 66, 3),
(99, 66, 4),
(100, 66, 5),
(101, 67, 1),
(102, 68, 3),
(103, 69, 1),
(104, 70, 3),
(105, 71, 1),
(106, 72, 1),
(107, 72, 2),
(108, 73, 1),
(109, 73, 2),
(110, 74, 2),
(111, 75, 1),
(112, 75, 2),
(113, 76, 1),
(114, 76, 2),
(115, 77, 1),
(116, 77, 2),
(117, 78, 1),
(118, 79, 2),
(119, 80, 3),
(120, 81, 4),
(121, 81, 5),
(122, 82, 3),
(123, 82, 4),
(124, 83, 3),
(125, 84, 2),
(126, 85, 1),
(127, 85, 2),
(128, 86, 1),
(129, 86, 2),
(130, 87, 1),
(131, 87, 2),
(132, 88, 1),
(133, 88, 2),
(134, 90, 2),
(135, 90, 3),
(136, 91, 2),
(137, 92, 1),
(138, 92, 2),
(139, 93, 1),
(140, 93, 2),
(141, 94, 1),
(142, 94, 2),
(143, 95, 1),
(144, 95, 2),
(145, 96, 3),
(146, 96, 4),
(147, 97, 1),
(148, 97, 2),
(149, 98, 2),
(150, 98, 3),
(151, 99, 3),
(152, 99, 4),
(153, 100, 1),
(154, 100, 2),
(155, 101, 1),
(156, 101, 2),
(157, 102, 4),
(158, 103, 4),
(159, 104, 1),
(160, 104, 2),
(161, 105, 1),
(162, 105, 2),
(163, 106, 3),
(164, 106, 4),
(165, 107, 1),
(166, 107, 2),
(167, 108, 1),
(168, 108, 2),
(169, 109, 4),
(170, 110, 1),
(171, 110, 2),
(172, 111, 5),
(173, 112, 1),
(174, 112, 2),
(175, 112, 3),
(176, 113, 3),
(177, 114, 4),
(178, 115, 2),
(179, 116, 1),
(180, 117, 1),
(181, 117, 2),
(182, 118, 1),
(183, 118, 2),
(184, 119, 1),
(185, 119, 2),
(186, 120, 1),
(187, 120, 2),
(188, 121, 1),
(189, 121, 2),
(190, 122, 1),
(191, 122, 2),
(192, 123, 1),
(193, 123, 2),
(194, 124, 1),
(195, 124, 2),
(196, 125, 1),
(197, 125, 2),
(198, 126, 1),
(199, 126, 2),
(200, 126, 3),
(201, 126, 4),
(202, 126, 5),
(203, 127, 1),
(204, 127, 2),
(205, 128, 1),
(206, 128, 2),
(207, 128, 3),
(208, 128, 4),
(209, 128, 5),
(210, 129, 1),
(211, 129, 2),
(212, 130, 3),
(213, 131, 1),
(214, 131, 2),
(215, 132, 2),
(216, 133, 1),
(217, 133, 2),
(218, 134, 1),
(219, 135, 1),
(220, 135, 2),
(221, 136, 1),
(222, 136, 2),
(223, 137, 3),
(224, 138, 1),
(225, 138, 2),
(226, 139, 3),
(227, 140, 1),
(228, 140, 2),
(229, 141, 1),
(230, 141, 2),
(231, 142, 1),
(232, 143, 1),
(233, 143, 2),
(234, 144, 1),
(235, 144, 2),
(236, 145, 1),
(237, 145, 2),
(238, 145, 3),
(239, 145, 4),
(240, 145, 5),
(241, 146, 1),
(242, 147, 1),
(243, 147, 2),
(244, 148, 1),
(245, 148, 2),
(246, 149, 1),
(247, 149, 2),
(248, 150, 1),
(249, 150, 2),
(250, 151, 1),
(251, 151, 2),
(252, 152, 3),
(253, 153, 1),
(254, 153, 2),
(255, 154, 1),
(256, 154, 2),
(257, 155, 1),
(258, 156, 1),
(259, 157, 1),
(260, 157, 2),
(261, 158, 1),
(262, 158, 2),
(263, 159, 1),
(264, 159, 2),
(265, 160, 1),
(266, 161, 1),
(267, 161, 2),
(268, 162, 1),
(269, 163, 1),
(270, 163, 2),
(271, 164, 1),
(272, 164, 2),
(273, 165, 1),
(274, 165, 2),
(275, 166, 1),
(276, 166, 2),
(277, 167, 1),
(278, 167, 2),
(279, 168, 1),
(280, 168, 2),
(281, 169, 1),
(282, 169, 2),
(283, 170, 1),
(284, 170, 2),
(285, 171, 1),
(286, 171, 2),
(287, 172, 1),
(288, 172, 2),
(289, 173, 1),
(290, 173, 2),
(291, 174, 2),
(292, 175, 1),
(293, 175, 2),
(294, 176, 2),
(295, 177, 1),
(296, 177, 2),
(297, 178, 1),
(298, 179, 1),
(299, 180, 1),
(300, 180, 2),
(301, 131, 1),
(302, 182, 1),
(303, 183, 1),
(304, 183, 2),
(305, 184, 1),
(306, 185, 1),
(307, 186, 1),
(308, 187, 1),
(309, 187, 2),
(310, 188, 2),
(311, 189, 1),
(312, 189, 2),
(313, 190, 1),
(314, 191, 1),
(315, 191, 2),
(316, 192, 1),
(317, 192, 2),
(318, 192, 3),
(319, 192, 4),
(320, 193, 1),
(321, 193, 2),
(322, 193, 3),
(323, 194, 1),
(324, 195, 1),
(325, 195, 2),
(326, 196, 1),
(327, 196, 2),
(328, 197, 1);

-- --------------------------------------------------------

--
-- Table structure for table `servicesetting`
--

CREATE TABLE `servicesetting` (
  `Id` int(11) NOT NULL,
  `ActionType` int(11) NOT NULL,
  `Interval` int(11) NOT NULL,
  `ScheduleTime` time(6) NOT NULL,
  `LastPoll` datetime(3) NOT NULL
) ENGINE=InnoDB DEFAULT CHARSET=latin1;

-- --------------------------------------------------------

--
-- Table structure for table `state`
--

CREATE TABLE `state` (
  `Id` int(11) NOT NULL,
  `StateName` varchar(50) NOT NULL
) ENGINE=InnoDB DEFAULT CHARSET=latin1;

--
-- Dumping data for table `state`
--

INSERT INTO `state` (`Id`, `StateName`) VALUES
(1, 'ahmedabad');

-- --------------------------------------------------------

--
-- Table structure for table `user`
--

CREATE TABLE `user` (
  `UserId` int(11) NOT NULL,
  `FirstName` varchar(100) NOT NULL,
  `LastName` varchar(100) NOT NULL,
  `email` varchar(100) NOT NULL,
  `Password` varchar(100) DEFAULT NULL,
  `Mobile` varchar(20) NOT NULL,
  `UserTypeId` int(11) NOT NULL,
  `RoleId` int(11) DEFAULT NULL,
  `Gender` int(11) DEFAULT NULL,
  `DateOfBirth` datetime(3) DEFAULT NULL,
  `UserProfilePicture` varchar(200) DEFAULT NULL,
  `IsRegisteredUser` tinyint(4) NOT NULL DEFAULT 0,
  `ZipCode` varchar(20) DEFAULT NULL,
  `WorksWithPets` tinyint(4) NOT NULL DEFAULT 0,
  `LanguageId` int(11) DEFAULT NULL,
  `NationalityId` int(11) DEFAULT NULL,
  `ResetKey` varchar(200) DEFAULT NULL,
  `CreatedDate` datetime(3) NOT NULL,
  `ModifiedDate` datetime(3) NOT NULL,
  `ModifiedBy` int(11) NOT NULL,
  `IsApproved` tinyint(4) NOT NULL DEFAULT 0,
  `IsActive` tinyint(4) NOT NULL DEFAULT 0,
  `IsDeleted` tinyint(4) NOT NULL DEFAULT 0,
  `Status` int(11) DEFAULT NULL,
  `IsOnline` tinyint(4) NOT NULL DEFAULT 0
) ENGINE=InnoDB DEFAULT CHARSET=latin1;

--
-- Dumping data for table `user`
--

INSERT INTO `user` (`UserId`, `FirstName`, `LastName`, `email`, `Password`, `Mobile`, `UserTypeId`, `RoleId`, `Gender`, `DateOfBirth`, `UserProfilePicture`, `IsRegisteredUser`, `ZipCode`, `WorksWithPets`, `LanguageId`, `NationalityId`, `ResetKey`, `CreatedDate`, `ModifiedDate`, `ModifiedBy`, `IsApproved`, `IsActive`, `IsDeleted`, `Status`, `IsOnline`) VALUES
(44, 'zz', 'xx', 'xx@gmail.com', '123', '9990099000121', 1, NULL, NULL, NULL, NULL, 0, '380007', 0, NULL, NULL, NULL, '0000-00-00 00:00:00.000', '0000-00-00 00:00:00.000', 0, 1, 0, 0, NULL, 0),
(46, 'zz', 'zzz', '', NULL, '', 0, NULL, NULL, NULL, NULL, 0, NULL, 0, NULL, NULL, NULL, '0000-00-00 00:00:00.000', '0000-00-00 00:00:00.000', 0, 0, 0, 0, NULL, 0),
(59, 'j', 'Kothari ', 'drashyatri1726@gmail.com', '123', '9909909223', 1, 1, NULL, NULL, NULL, 0, '123', 0, NULL, NULL, NULL, '2022-02-11 05:01:52.000', '0000-00-00 00:00:00.000', 0, 1, 0, 0, NULL, 0),
(61, 'yatri', 'Kothari ', '190773107023@socet.edu.in', '123', '9909909223', 2, 1, NULL, NULL, NULL, 1, NULL, 0, NULL, NULL, NULL, '2022-02-11 05:36:25.000', '0000-00-00 00:00:00.000', 0, 1, 0, 0, NULL, 0),
(63, 'Yatri', 'Shah', 'yatri.shah03@gmail.com', '12345', '9909909223', 1, 1, NULL, NULL, NULL, 0, '380006', 0, NULL, NULL, NULL, '2022-02-11 09:48:50.000', '0000-00-00 00:00:00.000', 0, 1, 0, 0, NULL, 0);

-- --------------------------------------------------------

--
-- Table structure for table `useraddress`
--

CREATE TABLE `useraddress` (
  `AddressId` int(11) NOT NULL,
  `UserId` int(11) NOT NULL,
  `AddressLine1` varchar(200) NOT NULL,
  `AddressLine2` varchar(200) DEFAULT NULL,
  `City` varchar(50) NOT NULL,
  `State` varchar(50) DEFAULT NULL,
  `PostalCode` varchar(20) NOT NULL,
  `IsDefault` tinyint(4) NOT NULL DEFAULT 0,
  `IsDeleted` tinyint(4) NOT NULL DEFAULT 0,
  `Mobile` varchar(20) DEFAULT NULL,
  `Email` varchar(100) DEFAULT NULL,
  `Type` int(11) DEFAULT NULL
) ENGINE=InnoDB DEFAULT CHARSET=latin1;

--
-- Dumping data for table `useraddress`
--

INSERT INTO `useraddress` (`AddressId`, `UserId`, `AddressLine1`, `AddressLine2`, `City`, `State`, `PostalCode`, `IsDefault`, `IsDeleted`, `Mobile`, `Email`, `Type`) VALUES
(61, 44, 'shanti Tower', NULL, 'ahmedababd', 'Gujarat', '380007', 0, 0, '9909909223', NULL, NULL),
(62, 44, 'shanti Tower', NULL, '', 'Gujarat', '1', 0, 0, '', NULL, NULL),
(63, 44, 'zz', '', '', 'Gujarat', '380006', 0, 0, '', NULL, NULL),
(64, 44, 'hii', NULL, '', 'Gujarat', '', 0, 0, '00', NULL, NULL),
(65, 44, 'qq', '11', '', 'Gujarat', '', 0, 0, 'c', NULL, NULL),
(66, 44, 'completed', '999', 'ahmedababd', 'Gujarat', '', 0, 0, '9426769464', NULL, NULL),
(67, 44, 'ff', '11', 'ahmedababd', 'Gujarat', '380007', 0, 0, '98999999', NULL, NULL),
(68, 44, 'ww', '1', 'ahmedababd', 'Gujarat', '380007', 0, 0, 'q', NULL, NULL),
(69, 44, 'qq', '11', 'ahmedababd', 'Gujarat', '380007', 0, 0, '9909909223', NULL, NULL),
(70, 44, 'zz', NULL, '1', 'Gujarat', '380007', 0, 0, '9909909999', NULL, NULL),
(71, 44, 'cc', NULL, '1', 'Gujarat', '380007', 0, 0, '9090909090', NULL, NULL),
(72, 44, 'divya', '104', 'ahmedababd', 'Gujarat', '380007', 0, 0, '9909909223', NULL, NULL),
(73, 44, 'n', '1', 'ahmedababd', 'Gujarat', '380007', 0, 0, '9909909223', NULL, 1),
(74, 44, 'l', '1', 'ahmedababd', 'Gujarat', '380007', 0, 0, '9909909223', NULL, 1),
(75, 44, 'zz', '104', 'ahmedababd', 'Gujarat', '380007', 0, 0, '9909909223', NULL, 1),
(76, 44, 'hi', '1', 'ahmedababd', 'Gujarat', '380007', 0, 0, '9909909223', NULL, 1),
(77, 44, 'vv', '104', 'ahmedababd', 'Gujarat', '380007', 0, 0, '9426769464', NULL, 1),
(78, 44, 'shanti Tower', '1', 'ahmedababd', 'Gujarat', '380007', 0, 0, '9909909223', NULL, 1),
(79, 44, 'z', '7', 'ahmedababd', 'Gujarat', '380007', 0, 0, '9909909223', NULL, 1),
(80, 44, 'zz', '11', 'ahmedababd', 'Gujarat', '380007', 0, 0, '9909909223', NULL, 1),
(81, 44, 'b', '0', 'ahmedababd', 'Gujarat', '380007', 0, 0, '9909909223', NULL, 1),
(82, 63, 'shanti Tower', '104', 'ahmedababd', 'Gujarat', '380007', 0, 0, '9909909223', NULL, 1),
(83, 63, 'pooja', '104', 'ahmedababd', 'Gujarat', '380007', 0, 0, '9426769464', NULL, 1),
(84, 44, 'cccc', '111111', 'ahmedababd', 'Gujarat', '380006', 0, 0, '9426023083', NULL, 1),
(85, 44, 'done', '111', 'ahmedababd', 'Gujarat', '380007', 0, 0, '9909909223', NULL, 1),
(86, 44, 'booked', '111', 'ahmedababd', 'Gujarat', '380007', 0, 0, '9426769464', NULL, 1),
(87, 44, 'finally booked', '100', 'ahmedababd', 'Gujarat', '380007', 0, 0, '9909909223', NULL, 1),
(88, 44, 'm', '1', 'ahmedababd', 'Gujarat', '380007', 0, 0, '9909909223', NULL, 1);

-- --------------------------------------------------------

--
-- Table structure for table `zipcode`
--

CREATE TABLE `zipcode` (
  `Id` int(11) NOT NULL,
  `ZipcodeValue` varchar(50) NOT NULL,
  `CityId` int(11) NOT NULL
) ENGINE=InnoDB DEFAULT CHARSET=latin1;

--
-- Dumping data for table `zipcode`
--

INSERT INTO `zipcode` (`Id`, `ZipcodeValue`, `CityId`) VALUES
(1, '380007', 1),
(2, '380007', 2);

--
-- Indexes for dumped tables
--

--
-- Indexes for table `city`
--
ALTER TABLE `city`
  ADD PRIMARY KEY (`Id`),
  ADD KEY `StateId` (`StateId`);

--
-- Indexes for table `contactus`
--
ALTER TABLE `contactus`
  ADD PRIMARY KEY (`ContactUsId`);

--
-- Indexes for table `contactusattachment`
--
ALTER TABLE `contactusattachment`
  ADD PRIMARY KEY (`ContactUsAttachmentId`);

--
-- Indexes for table `favoriteandblocked`
--
ALTER TABLE `favoriteandblocked`
  ADD PRIMARY KEY (`Id`),
  ADD KEY `TargetUserId` (`TargetUserId`),
  ADD KEY `UserId` (`UserId`);

--
-- Indexes for table `rating`
--
ALTER TABLE `rating`
  ADD PRIMARY KEY (`RatingId`),
  ADD KEY `ServiceRequestId` (`ServiceRequestId`),
  ADD KEY `RatingFrom` (`RatingFrom`),
  ADD KEY `RatingTo` (`RatingTo`);

--
-- Indexes for table `servicerequest`
--
ALTER TABLE `servicerequest`
  ADD PRIMARY KEY (`ServiceRequestId`),
  ADD KEY `UserId` (`UserId`),
  ADD KEY `ServiceProviderId` (`ServiceProviderId`);

--
-- Indexes for table `servicerequestaddress`
--
ALTER TABLE `servicerequestaddress`
  ADD PRIMARY KEY (`Id`),
  ADD KEY `ServiceRequestId` (`ServiceRequestId`);

--
-- Indexes for table `servicerequestextra`
--
ALTER TABLE `servicerequestextra`
  ADD PRIMARY KEY (`ServiceRequestExtraId`),
  ADD KEY `ServiceRequestId` (`ServiceRequestId`);

--
-- Indexes for table `servicesetting`
--
ALTER TABLE `servicesetting`
  ADD PRIMARY KEY (`Id`);

--
-- Indexes for table `state`
--
ALTER TABLE `state`
  ADD PRIMARY KEY (`Id`);

--
-- Indexes for table `user`
--
ALTER TABLE `user`
  ADD PRIMARY KEY (`UserId`);

--
-- Indexes for table `useraddress`
--
ALTER TABLE `useraddress`
  ADD PRIMARY KEY (`AddressId`),
  ADD KEY `UserId` (`UserId`);

--
-- Indexes for table `zipcode`
--
ALTER TABLE `zipcode`
  ADD PRIMARY KEY (`Id`),
  ADD KEY `CityId` (`CityId`);

--
-- AUTO_INCREMENT for dumped tables
--

--
-- AUTO_INCREMENT for table `city`
--
ALTER TABLE `city`
  MODIFY `Id` int(11) NOT NULL AUTO_INCREMENT, AUTO_INCREMENT=3;

--
-- AUTO_INCREMENT for table `contactus`
--
ALTER TABLE `contactus`
  MODIFY `ContactUsId` int(11) NOT NULL AUTO_INCREMENT, AUTO_INCREMENT=112;

--
-- AUTO_INCREMENT for table `contactusattachment`
--
ALTER TABLE `contactusattachment`
  MODIFY `ContactUsAttachmentId` int(11) NOT NULL AUTO_INCREMENT;

--
-- AUTO_INCREMENT for table `favoriteandblocked`
--
ALTER TABLE `favoriteandblocked`
  MODIFY `Id` int(11) NOT NULL AUTO_INCREMENT, AUTO_INCREMENT=5;

--
-- AUTO_INCREMENT for table `rating`
--
ALTER TABLE `rating`
  MODIFY `RatingId` int(11) NOT NULL AUTO_INCREMENT;

--
-- AUTO_INCREMENT for table `servicerequest`
--
ALTER TABLE `servicerequest`
  MODIFY `ServiceRequestId` int(11) NOT NULL AUTO_INCREMENT, AUTO_INCREMENT=198;

--
-- AUTO_INCREMENT for table `servicerequestaddress`
--
ALTER TABLE `servicerequestaddress`
  MODIFY `Id` int(11) NOT NULL AUTO_INCREMENT, AUTO_INCREMENT=89;

--
-- AUTO_INCREMENT for table `servicerequestextra`
--
ALTER TABLE `servicerequestextra`
  MODIFY `ServiceRequestExtraId` int(11) NOT NULL AUTO_INCREMENT, AUTO_INCREMENT=329;

--
-- AUTO_INCREMENT for table `servicesetting`
--
ALTER TABLE `servicesetting`
  MODIFY `Id` int(11) NOT NULL AUTO_INCREMENT;

--
-- AUTO_INCREMENT for table `state`
--
ALTER TABLE `state`
  MODIFY `Id` int(11) NOT NULL AUTO_INCREMENT, AUTO_INCREMENT=2;

--
-- AUTO_INCREMENT for table `user`
--
ALTER TABLE `user`
  MODIFY `UserId` int(11) NOT NULL AUTO_INCREMENT, AUTO_INCREMENT=68;

--
-- AUTO_INCREMENT for table `useraddress`
--
ALTER TABLE `useraddress`
  MODIFY `AddressId` int(11) NOT NULL AUTO_INCREMENT, AUTO_INCREMENT=89;

--
-- AUTO_INCREMENT for table `zipcode`
--
ALTER TABLE `zipcode`
  MODIFY `Id` int(11) NOT NULL AUTO_INCREMENT, AUTO_INCREMENT=3;

--
-- Constraints for dumped tables
--

--
-- Constraints for table `city`
--
ALTER TABLE `city`
  ADD CONSTRAINT `city_ibfk_1` FOREIGN KEY (`StateId`) REFERENCES `state` (`Id`);

--
-- Constraints for table `favoriteandblocked`
--
ALTER TABLE `favoriteandblocked`
  ADD CONSTRAINT `favoriteandblocked_ibfk_1` FOREIGN KEY (`TargetUserId`) REFERENCES `user` (`UserId`),
  ADD CONSTRAINT `favoriteandblocked_ibfk_2` FOREIGN KEY (`UserId`) REFERENCES `user` (`UserId`);

--
-- Constraints for table `rating`
--
ALTER TABLE `rating`
  ADD CONSTRAINT `rating_ibfk_1` FOREIGN KEY (`ServiceRequestId`) REFERENCES `servicerequest` (`ServiceRequestId`),
  ADD CONSTRAINT `rating_ibfk_2` FOREIGN KEY (`RatingFrom`) REFERENCES `user` (`UserId`),
  ADD CONSTRAINT `rating_ibfk_3` FOREIGN KEY (`RatingTo`) REFERENCES `user` (`UserId`);

--
-- Constraints for table `servicerequest`
--
ALTER TABLE `servicerequest`
  ADD CONSTRAINT `servicerequest_ibfk_1` FOREIGN KEY (`UserId`) REFERENCES `user` (`UserId`),
  ADD CONSTRAINT `servicerequest_ibfk_2` FOREIGN KEY (`ServiceProviderId`) REFERENCES `user` (`UserId`);

--
-- Constraints for table `servicerequestaddress`
--
ALTER TABLE `servicerequestaddress`
  ADD CONSTRAINT `servicerequestaddress_ibfk_1` FOREIGN KEY (`ServiceRequestId`) REFERENCES `servicerequest` (`ServiceRequestId`);

--
-- Constraints for table `servicerequestextra`
--
ALTER TABLE `servicerequestextra`
  ADD CONSTRAINT `servicerequestextra_ibfk_1` FOREIGN KEY (`ServiceRequestId`) REFERENCES `servicerequest` (`ServiceRequestId`);

--
-- Constraints for table `useraddress`
--
ALTER TABLE `useraddress`
  ADD CONSTRAINT `useraddress_ibfk_1` FOREIGN KEY (`UserId`) REFERENCES `user` (`UserId`);

--
-- Constraints for table `zipcode`
--
ALTER TABLE `zipcode`
  ADD CONSTRAINT `zipcode_ibfk_1` FOREIGN KEY (`CityId`) REFERENCES `city` (`Id`);
COMMIT;

/*!40101 SET CHARACTER_SET_CLIENT=@OLD_CHARACTER_SET_CLIENT */;
/*!40101 SET CHARACTER_SET_RESULTS=@OLD_CHARACTER_SET_RESULTS */;
/*!40101 SET COLLATION_CONNECTION=@OLD_COLLATION_CONNECTION */;
